지점,지점명,일시,평균기온(°C),최저기온(°C),최저기온 시각(hhmi),최고기온(°C),최고기온 시각(hhmi),강수 계속시간(hr),10분 최다 강수량(mm),10분 최다강수량 시각(hhmi),1시간 최다강수량(mm),1시간 최다 강수량 시각(hhmi),일강수량(mm),최대 순간 풍속(m/s),최대 순간 풍속 풍향(16방위),최대 순간풍속 시각(hhmi),최대 풍속(m/s),최대 풍속 풍향(16방위),최대 풍속 시각(hhmi),평균 풍속(m/s),풍정합(100m),최다풍향(16방위),일 최심신적설(cm),일 최심신적설 시각(hhmi),일 최심적설(cm),일 최심적설 시각(hhmi),합계 3시간 신적설(cm)
108,서울,2020-01-01,-2.2,-6.5,1,.3,1457,9.83,,,,,.1,4.8,50,906,2.6,50,904,.6,509,50,0,,0,,0
108,서울,2020-01-02,1,-.7,1,3.8,1500,,,,,,,6.7,250,1437,4,290,1525,1.2,996,50,,,,,
108,서울,2020-01-03,-.1,-3.4,807,4.6,1547,,,,,,,5.8,270,1122,3.5,270,1422,1.7,1508,290,,,,,
108,서울,2020-01-04,1.2,-2.8,512,6.1,1450,,,,,,,8.5,340,1206,4.5,320,1228,1.9,1623,50,,,,,
108,서울,2020-01-05,1.3,-3.2,821,6.6,1453,,,,,,,4.4,180,1312,2.9,70,2335,1.1,985,50,,,,,
108,서울,2020-01-06,3.1,.6,53,4.6,1158,14.33,,,,,1.8,8.8,70,1505,5.4,70,1739,3.1,2705,70,,,,,
108,서울,2020-01-07,6.3,4.2,1,7.7,2350,24,,,,,46.3,9.5,90,2015,6.3,70,1846,4,3413,70,,,,,
108,서울,2020-01-08,2.4,-.4,2336,8.9,47,9.5,,,,,11.6,11.8,250,49,6.3,270,550,3.3,2875,270,,,,,
108,서울,2020-01-09,-1.2,-3.1,2349,2,1534,,,,,,,7.2,270,1049,4.3,320,1223,2.3,1971,290,,,,,
108,서울,2020-01-10,-.6,-4.3,453,4.2,1534,,,,,,,5.5,320,1810,3.7,320,1408,1.5,1300,290,,,,,
108,서울,2020-01-11,-.1,-2.6,806,3.9,1334,,,,,,,7,320,1949,4.8,340,1956,1.9,1619,290,,,,,
108,서울,2020-01-12,-1,-3.5,633,2.8,1551,,,,,,,6.8,290,1714,4.1,290,1216,2.4,2031,290,,,,,
108,서울,2020-01-13,-2.9,-4.7,632,.2,1422,,,,,,,8.3,270,1404,4.9,320,1218,2.3,1992,290,,,,,
108,서울,2020-01-14,-2.3,-5.7,637,2.6,1413,,,,,,,5.5,320,1516,3.3,320,1428,1.6,1387,290,,,,,
108,서울,2020-01-15,-2.7,-6.4,722,2.2,1510,,,,,,,8,290,1411,4.5,320,1418,1.9,1673,270,,,,,
108,서울,2020-01-16,-1.7,-5.5,816,3.2,1430,,,,,,,6.9,320,1709,4.4,340,1714,1.6,1417,320,,,,,
108,서울,2020-01-17,-.6,-4.8,720,4.9,1449,,,,,,,6.7,320,1952,3.8,320,1927,1.5,1311,290,,,,,
108,서울,2020-01-18,.3,-4.1,802,5.9,1503,,,,,,,6.8,290,1636,4.2,270,1739,1.8,1569,270,,,,,
108,서울,2020-01-19,1.9,-.4,3,5.3,1510,1.58,,,,,.6,10.9,290,1243,6.1,320,1459,2.2,1862,270,.3,955,.3,955,.3
108,서울,2020-01-20,.7,-3.3,2324,5.5,1313,,,,,,,10.4,290,1759,5.7,270,1636,2.5,2202,270,,,,,
108,서울,2020-01-21,-.4,-5.6,800,5.5,1541,,,,,,,5.6,70,1038,3.5,320,142,1.4,1209,320,,,,,
108,서울,2020-01-22,3,-.1,47,7.8,1447,,,,,,,6.3,70,1524,3.2,90,1602,1.7,1479,50,,,,,
108,서울,2020-01-23,4.6,0,802,9.9,1450,,,,,,,6.9,320,1313,4.7,320,1938,2,1701,290,,,,,
108,서울,2020-01-24,2.8,-1.3,816,7.4,1534,,,,,,,6.4,320,1648,3.7,320,1737,1.7,1508,290,,,,,
108,서울,2020-01-25,4.3,.6,251,8.8,1202,,,,,,,6.8,320,1941,3.9,320,1851,1.5,1309,290,,,,,
108,서울,2020-01-26,5.5,-.2,747,11.9,1516,,,,,,,11.1,90,2122,6.1,70,1948,2.7,2342,70,,,,,
108,서울,2020-01-27,5.9,4.8,2331,7.5,1418,6.92,,,,,.1,13.7,90,720,7,70,1649,4.6,3987,70,,,,,
108,서울,2020-01-28,6.8,4.3,231,9.9,1442,2.67,,,,,0,8.8,70,2030,5.4,70,2028,2.6,2263,50,,,,,
108,서울,2020-01-29,6,3.2,708,9.6,1450,,,,,,,5.8,50,947,3.6,70,1921,2.1,1837,70,,,,,
108,서울,2020-01-30,5.2,1.4,814,10.4,1249,,,,,,,5.7,290,1748,3,320,1433,1.8,1513,70,,,,,
108,서울,2020-01-31,3.9,1.4,2357,8.9,1347,.17,,,,,0,8.1,230,1545,4.4,270,1435,2.3,2022,270,,,,,
108,서울,2020-02-01,2.6,-1.2,705,7.6,1556,,,,,,,7.7,320,1434,4.7,270,1457,1.7,1505,290,,,,,
108,서울,2020-02-02,1.5,-2.1,747,5.3,1309,,,,,,,7.3,290,1815,4.7,320,1821,1.8,1564,290,,,,,
108,서울,2020-02-03,-.4,-2.9,2357,3,1456,3.08,,,,,0,9,290,1419,5.7,270,1448,3.1,2705,270,,,,,
108,서울,2020-02-04,-1.6,-6,635,3.9,1429,7.25,,,,,1.7,10.8,340,2351,6.2,340,2059,2.8,2376,320,.8,1945,.8,1945,.8
108,서울,2020-02-05,-8.3,-11,757,-4.9,1601,,,,,,,10.2,320,50,5.5,320,154,3.3,2869,320,,,.7,1,
108,서울,2020-02-06,-6.4,-11.8,634,.4,1433,,,,,,,7,290,2005,4,290,2018,1.9,1615,290,,,,,
108,서울,2020-02-07,-1.7,-7.2,123,2.2,1533,.58,,,,,0,6.9,340,1523,3.5,320,1440,2,1693,290,,,,,
108,서울,2020-02-08,-.1,-2.3,803,3.7,1611,.17,,,,,0,8.9,270,1538,5.3,340,1200,3,2608,320,,,,,
108,서울,2020-02-09,-.5,-5.6,742,4.1,1447,.08,,,,,0,8,230,1553,4.4,270,1314,2,1726,270,,,,,
108,서울,2020-02-10,4,-.7,646,9.6,1500,.92,,,,,0,7.8,360,1334,4.2,320,1312,1.7,1475,290,,,,,
108,서울,2020-02-11,6.8,-.5,711,14.6,1526,,,,,,,5.7,90,847,3.6,70,852,1.6,1410,50,,,,,
108,서울,2020-02-12,7.4,6.5,1219,8.2,1928,20.58,,,,,6.7,7.9,70,1150,5,70,1226,2.2,1906,70,,,,,
108,서울,2020-02-13,6.5,4.9,656,8.7,1534,,,,,,,5.3,200,1127,3.2,200,1506,1.7,1461,290,,,,,
108,서울,2020-02-14,8.1,3.2,708,14.7,1631,,,,,,,4.9,320,127,3,200,1438,1.2,998,290,,,,,
108,서울,2020-02-15,9.8,6.2,735,15.6,1250,4.25,,,,,2,9,320,2035,5,70,456,2.7,2350,70,,,,,
108,서울,2020-02-16,-1.4,-4.3,2245,7.7,1,17,,,,,13.4,11.5,270,1400,6.6,270,1407,4,3423,270,3.9,1300,3.9,1300,4
108,서울,2020-02-17,-5.9,-7.1,2258,-3.9,130,14.75,,,,,1,9.4,320,1659,5.6,320,1702,3.4,2963,320,3.8,600,5.5,600,3.8
108,서울,2020-02-18,-4.1,-8.3,745,1.3,1608,,,,,,,6.6,290,916,4.1,290,1458,2.3,1968,290,,,2,1,
108,서울,2020-02-19,1,-4.4,624,6.4,1512,,,,,,,5.4,250,1415,3.2,270,1504,1.5,1293,50,,,,,
108,서울,2020-02-20,4.6,-.6,659,10.8,1547,,,,,,,6,270,1454,3.3,290,1444,1.7,1465,50,,,,,
108,서울,2020-02-21,6.7,2.1,459,10.9,1438,4.92,,,,,4.2,9.7,250,2049,5.3,250,2050,2.2,1862,200,,,,,
108,서울,2020-02-22,4,0,2340,7.9,1246,3.83,,,,,3.1,14.4,290,1319,8.2,320,1324,4,3453,270,,,,,
108,서울,2020-02-23,2.5,-2.5,645,8,1446,,,,,,,8.1,290,1434,4.2,270,1435,2,1759,270,,,,,
108,서울,2020-02-24,7,.8,514,12.2,1408,,,,,,,6.2,250,1442,3.4,230,1445,1.6,1415,50,,,,,
108,서울,2020-02-25,6.7,4.7,2400,9.4,1642,12.58,,,,,16.6,12.4,90,1646,6.8,70,1603,4.2,3601,70,,,,,
108,서울,2020-02-26,6.4,2.8,423,10.4,1513,.42,,,,,0,6.6,70,24,4,340,1411,2.1,1817,50,,,,,
108,서울,2020-02-27,6.1,1.3,657,12.5,1528,,,,,,,7,200,1740,4.4,250,1747,2,1709,70,,,,,
108,서울,2020-02-28,4.5,3.6,1335,5.9,1013,13.83,,,,,3.9,8.1,250,1020,4.2,230,1028,1.4,1172,50,,,,,
108,서울,2020-02-29,7.7,4.5,1,13,1550,5.17,,,,,.5,6.4,270,1449,4.2,270,1658,1.7,1445,50,,,,,
108,서울,2020-03-01,5.8,3.2,511,10.1,1314,4.5,,,,,.2,8.3,320,2236,4.7,270,1529,2,1731,270,,,,,
108,서울,2020-03-02,3.4,0,723,7.6,1546,.33,,,,,0,9.3,290,526,4.9,290,451,2.7,2303,290,,,,,
108,서울,2020-03-03,4.8,.3,441,10.5,1329,,,,,,,8,270,1547,4.7,320,1747,2.6,2222,70,,,,,
108,서울,2020-03-04,2.2,-1.3,2351,4.6,1046,1.5,,,,,0,11.7,250,1112,6.8,270,1118,3.7,3208,270,,,,,
108,서울,2020-03-05,1.4,-2.8,654,6.3,1527,,,,,,,7.6,200,1258,4.1,270,1401,2.5,2165,270,,,,,
108,서울,2020-03-06,3.7,-2.5,718,10.1,1621,,,,,,,6,180,1452,3.6,200,1454,1.6,1355,50,,,,,
108,서울,2020-03-07,7,1.3,633,14.2,1442,,,,,,,6.3,290,1748,4.1,270,1624,2,1751,70,,,,,
108,서울,2020-03-08,9.3,2.3,723,16.9,1559,,,,,,,7,270,1740,4.6,270,1754,1.6,1356,290,,,,,
108,서울,2020-03-09,11.1,4.8,719,17.6,1423,,,,,,,7.3,320,2053,4.5,320,1942,1.8,1528,320,,,,,
108,서울,2020-03-10,6.4,3.2,2343,10.8,1,18.67,,,,,11.8,8.7,290,1840,5.3,290,1841,2.8,2408,290,,,,,
108,서울,2020-03-11,3.8,0,658,8.3,1454,,,,,,,9.6,290,1006,5.5,320,956,3.3,2867,270,,,,,
108,서울,2020-03-12,6.8,.2,638,13.3,1435,,,,,,,10.2,290,1632,5.4,230,1624,2.5,2192,250,,,,,
108,서울,2020-03-13,4.9,-.1,2400,8.7,1427,2.25,,,,,.5,9.1,340,1954,5.4,340,1959,3.3,2857,320,,,,,
108,서울,2020-03-14,3.6,-2.7,642,8.6,1440,,,,,,,11.9,230,1400,6.8,230,1543,3,2608,250,,,,,
108,서울,2020-03-15,4,.2,2335,8.5,1327,,,,,,,14.4,270,1533,7.8,320,1507,3.6,3135,320,,,,,
108,서울,2020-03-16,3.6,-2.1,638,9.1,1510,,,,,,,9.8,200,1711,5.2,250,1634,2.8,2382,250,,,,,
108,서울,2020-03-17,6.6,3.1,46,12.3,1537,,,,,,,9,230,1810,5.2,230,1614,2.1,1798,230,,,,,
108,서울,2020-03-18,10,2.7,726,17,1550,,,,,,,8.1,200,1530,4.4,230,1538,1.8,1529,250,,,,,
108,서울,2020-03-19,9.1,5.8,2400,12.1,641,.33,,,,,0,16.3,270,1130,8.2,250,1636,4.8,4114,270,,,,,
108,서울,2020-03-20,8.8,3.1,641,14,1421,,,,,,,13,230,1547,6.6,270,1450,3.1,2715,200,,,,,
108,서울,2020-03-21,12.8,7.9,107,19.5,1538,,,,,,,8.6,320,1819,5.1,290,1821,2,1720,180,,,,,
108,서울,2020-03-22,11,6.1,631,16.5,1402,,,,,,,10.2,320,1455,5.6,320,1248,3,2590,290,,,,,
108,서울,2020-03-23,10.6,5.4,516,17,1507,,,,,,,9.6,320,1544,4.8,270,1641,1.9,1642,270,,,,,
108,서울,2020-03-24,11.4,5.3,558,17.9,1444,,,,,,,7,290,1656,4,200,1254,1.8,1551,270,,,,,
108,서울,2020-03-25,12.5,6.1,644,19.2,1401,,,,,,,8.3,290,1547,5.3,320,1632,1.9,1610,290,,,,,
108,서울,2020-03-26,14.8,8.1,622,20.6,1330,4.92,,,,,1.8,7.3,180,1743,5.3,160,1746,1.9,1655,70,,,,,
108,서울,2020-03-27,11.9,6.7,2357,15.8,1512,5.92,,,,,2,10.3,250,1624,5.8,320,1129,3.3,2843,290,,,,,
108,서울,2020-03-28,7.7,4.5,622,12.8,1522,,,,,,,10.1,360,558,5.5,340,641,3.2,2757,360,,,,,
108,서울,2020-03-29,8.7,1.3,632,16.1,1520,,,,,,,7.4,270,1638,4.6,290,1729,2,1733,290,,,,,
108,서울,2020-03-30,10.2,4.3,658,16.9,1542,,,,,,,6.8,290,1340,4.1,270,1801,1.8,1560,270,,,,,
108,서울,2020-03-31,11.9,4.7,622,18.6,1401,,,,,,,7.4,340,1403,4.4,290,1521,2,1709,270,,,,,
108,서울,2020-04-01,11.3,6,2358,17.4,1350,,,,,,,11.9,290,1520,7.3,270,1437,3.7,3227,290,,,,,
108,서울,2020-04-02,9.3,3.4,613,15.5,1315,,,,,,,9.8,270,1502,5.5,270,1533,2.3,1985,250,,,,,
108,서울,2020-04-03,10,5.3,504,16.3,1434,,,,,,,9.4,290,1611,5.7,270,1628,2.7,2303,270,,,,,
108,서울,2020-04-04,8.9,5,2358,13.3,1505,,,,,,,12.8,270,1650,6.3,290,1657,3.4,2970,290,,,,,
108,서울,2020-04-05,7.2,1.9,605,13.7,1516,,,,,,,9.7,200,1638,5.4,230,1629,2.8,2380,270,,,,,
108,서울,2020-04-06,9.3,2.9,601,16.1,1348,,,,,,,10.2,250,1508,5.9,270,1516,2.4,2116,290,,,,,
108,서울,2020-04-07,10.6,6,430,16.8,1416,,,,,,,8.4,200,1639,5.1,270,1524,2.5,2123,270,,,,,
108,서울,2020-04-08,9.4,5.2,457,14.2,1557,,,,,,,11.2,340,1214,5.9,340,1124,3.5,2999,290,,,,,
108,서울,2020-04-09,8.9,4.3,604,14.7,1437,,,,,,,10.2,250,1529,5.7,250,1707,2.8,2381,270,,,,,
108,서울,2020-04-10,10.7,5.8,520,16.8,1527,,,,,,,7.5,290,1557,4.1,290,1619,2.4,2103,290,,,,,
108,서울,2020-04-11,9.9,6.2,630,16,1441,,,,,,,8.6,230,1444,4.9,270,1804,2.5,2118,290,,,,,
108,서울,2020-04-12,9.9,4.4,617,15.6,1136,,,,,,,13.4,70,1326,7.4,90,1333,3.8,3273,90,,,,,
108,서울,2020-04-13,12.4,4.3,617,20.4,1617,,,,,,,9.8,90,1244,5.5,50,1536,3.1,2676,70,,,,,
108,서울,2020-04-14,13,7.6,631,19.6,1351,,,,,,,10,250,1437,5.3,270,1501,2.4,2035,290,,,,,
108,서울,2020-04-15,13.2,7.2,609,20.2,1510,,,,,,,9.2,290,1528,5.6,290,1645,2.2,1920,290,,,,,
108,서울,2020-04-16,16,8.9,353,23.8,1535,,,,,,,8,320,1753,4.5,320,1800,2.3,1989,90,,,,,
108,서울,2020-04-17,12.5,10.4,959,15.4,201,9.5,3,1300,3.9,1238,6.5,9.4,160,820,4.8,140,828,2.4,2085,110,,,,,
108,서울,2020-04-18,13.5,8.5,632,19.6,1455,,,,,,,8,290,1636,4.8,270,1656,2.6,2252,320,,,,,
108,서울,2020-04-19,12.3,9.5,2300,15.5,1332,9,.8,1859,2.9,1712,10.3,8.6,70,2044,5.2,90,2037,2.7,2300,90,,,,,
108,서울,2020-04-20,10,7.6,2353,13.1,1059,2.33,.1,,.1,,.1,14.2,270,1626,6.8,270,1621,3.3,2885,250,,,,,
108,서울,2020-04-21,7.4,4.8,2257,10.4,1418,,,,,,,17,230,1435,8.9,290,1739,4.4,3798,290,,,,,
108,서울,2020-04-22,6,4.1,550,8.3,1405,2.33,0,,0,,0,12.5,290,1145,6.4,290,1325,4,3451,290,,,,,
108,서울,2020-04-23,7.9,2.9,543,12.8,1456,,,,,,,12.9,320,1223,7.9,250,1535,3.7,3232,290,,,,,
108,서울,2020-04-24,9.9,4.1,612,14.3,1409,,,,,,,16,250,1303,8.2,270,1303,3.9,3342,270,,,,,
108,서울,2020-04-25,13.1,9.9,1,17.1,1447,,,,,,,15,230,1050,7.8,250,1050,3.9,3339,250,,,,,
108,서울,2020-04-26,12.3,6.8,612,19,1527,,,,,,,10.8,290,1730,6.5,290,1714,3.2,2776,290,,,,,
108,서울,2020-04-27,12.9,8.7,516,18.3,1419,,,,,,,11.2,270,1620,5.5,290,1541,2.8,2422,320,,,,,
108,서울,2020-04-28,13.9,7.8,555,19.9,1447,,,,,,,10,250,1456,5.5,230,1204,3,2579,250,,,,,
108,서울,2020-04-29,14.9,9.3,559,21,1333,,,,,,,8.6,290,1349,5.2,320,1412,2.6,2205,290,,,,,
108,서울,2020-04-30,17.1,9.3,553,23.4,1459,,,,,,,10,230,2236,5.9,290,1517,2.7,2352,250,,,,,
108,서울,2020-05-01,20.2,16.4,301,26.2,1450,,,,,,,9.9,290,1752,5.5,290,1726,2.7,2328,270,,,,,
108,서울,2020-05-02,20.3,18,328,23.9,1500,.67,0,,0,,0,7.6,290,1437,4.6,230,111,2.3,1985,290,,,,,
108,서울,2020-05-03,21.8,17,520,27.4,1459,1.08,0,,0,,0,7.2,140,1224,3.9,160,1242,2,1705,90,,,,,
108,서울,2020-05-04,20.2,14.8,2359,25.3,1358,,,,,,,8.7,270,1317,4.6,270,1247,2.7,2310,290,,,,,
108,서울,2020-05-05,16,13.1,519,19.3,1211,,,,,,,8.8,230,1346,5.3,250,1354,1.9,1601,290,,,,,
108,서울,2020-05-06,19.4,11.1,546,27.6,1546,,,,,,,8,20,1538,4.4,320,1623,2.1,1850,70,,,,,
108,서울,2020-05-07,20.7,14.9,541,26.5,1419,,,,,,,9.5,140,930,4.3,90,319,2.5,2167,90,,,,,
108,서울,2020-05-08,19.9,14.3,2357,27.3,1423,6.17,.5,2238,1.6,2203,2.3,7.9,290,1529,4.5,290,1514,2.4,2109,160,,,,,
108,서울,2020-05-09,14.2,12.7,338,16.8,1623,24,1.4,958,4.7,948,24.4,11,90,333,5.9,90,615,3.6,3085,90,,,,,
108,서울,2020-05-10,14.4,12.8,138,16.6,1405,8.42,.3,305,.7,230,1.3,7.1,250,1534,4.1,250,1556,2.5,2183,250,,,,,
108,서울,2020-05-11,16.5,12.4,2358,22,1414,3,1.8,2340,3.8,2323,3.4,10.1,250,1424,5.6,290,1456,3,2622,250,,,,,
108,서울,2020-05-12,14.3,10.5,516,18.9,1527,.83,.5,13,.7,1,.7,12.2,230,1641,5.4,320,1907,2.9,2531,250,,,,,
108,서울,2020-05-13,16.1,10.2,607,21.8,1420,,,,,,,12.1,290,1304,6.5,290,1613,2.8,2459,270,,,,,
108,서울,2020-05-14,19.3,12.4,402,25.4,1346,,,,,,,6.9,290,1352,4.3,340,1557,2,1685,90,,,,,
108,서울,2020-05-15,16.1,14.1,1052,20.2,426,20.75,.6,919,2.1,838,12,13.2,160,425,5.3,180,432,3,2629,90,,,,,
108,서울,2020-05-16,16.7,15,1,20.3,1644,12.67,.2,,.5,556,2.5,4.9,70,10,3.3,90,1,1.6,1364,290,,,,,
108,서울,2020-05-17,19.1,14.6,537,24.9,1640,1,0,,0,,0,7.7,340,448,4.3,320,456,1.7,1511,320,,,,,
108,서울,2020-05-18,19.1,13.2,2202,26.8,1429,7,11.5,1603,19.8,1553,29.8,16.4,290,1556,7.2,290,1607,2.4,2093,140,,,,,
108,서울,2020-05-19,13,10.1,2355,17.1,1605,6.42,3,1029,9.6,949,19,12.9,70,1503,7.2,70,1436,3.2,2798,50,,,,,
108,서울,2020-05-20,14.4,9.2,213,20.1,1427,.58,0,,0,,0,6,50,1207,3,90,2110,1.9,1635,90,,,,,
108,서울,2020-05-21,17.4,10.9,519,22.9,1630,,,,,,,6.1,90,539,3.3,90,609,2.1,1830,90,,,,,
108,서울,2020-05-22,18.5,14.8,541,22.7,1541,.5,0,,0,,0,8,160,950,4.9,290,1742,1.9,1616,290,,,,,
108,서울,2020-05-23,20.1,16.6,545,25,1530,.67,0,,0,,0,8.3,290,1703,4.7,270,1703,2.2,1865,290,,,,,
108,서울,2020-05-24,17.1,14.3,2319,20.2,1415,9.75,3.4,545,9.9,544,14.5,12.8,270,728,6.5,270,727,2.9,2484,230,,,,,
108,서울,2020-05-25,16.6,13.7,2357,21.3,1513,,,,,,,6,250,1424,3.8,290,1623,2.1,1774,320,,,,,
108,서울,2020-05-26,16.2,12.7,535,22.9,1400,2.67,1.3,2023,1.5,1955,1.5,8.8,320,1503,5.4,320,1511,2.1,1828,290,,,,,
108,서울,2020-05-27,17.4,11.8,602,23.9,1450,,,,,,,9.3,290,1623,5.9,290,1804,2.6,2273,320,,,,,
108,서울,2020-05-28,18.7,14.2,529,23.4,1605,.25,0,,0,,0,7.3,270,1332,3.9,290,1338,1.9,1656,320,,,,,
108,서울,2020-05-29,20.7,14.6,546,27.6,1652,,,,,,,6.7,180,1449,4.1,180,1452,2,1705,290,,,,,
108,서울,2020-05-30,22.6,16.5,530,30,1601,,,,,,,7,340,1724,4.3,320,1725,1.9,1652,290,,,,,
108,서울,2020-05-31,21.2,17.6,523,28,1332,1.92,.3,2305,1,2245,1,8.6,340,1857,5.7,320,1901,2.3,2012,320,,,,,
108,서울,2020-06-01,19.7,16.6,528,24.5,1603,3.75,.3,-2357,.3,-2345,.4,12.3,320,1205,6.2,290,1239,3.4,2974,290,,,,,
108,서울,2020-06-02,17.9,14.8,449,21.8,1526,1.83,.8,1129,1.9,1055,2,9.1,160,1340,4.1,250,1629,2.2,1889,290,,,,,
108,서울,2020-06-03,22,17.6,546,28.4,1516,,,,,,,8.8,290,1948,5.6,290,2005,2.4,2061,290,,,,,
108,서울,2020-06-04,21.9,19.7,2358,26.5,1401,6.75,.1,,.1,,.2,7.7,250,1416,4.7,270,1429,2.7,2334,250,,,,,
108,서울,2020-06-05,23,18.4,443,28.7,1529,,,,,,,6.7,320,1826,3.8,290,1845,1.8,1593,290,,,,,
108,서울,2020-06-06,24.6,19.2,541,30.9,1543,,,,,,,7.8,290,1646,4.4,290,1730,2,1685,290,,,,,
108,서울,2020-06-07,22.7,19.2,318,29.2,1545,,,,,,,7.3,180,1105,5.1,200,1110,2.3,1991,290,,,,,
108,서울,2020-06-08,25,19.8,101,32,1529,,,,,,,8.8,290,1759,5.5,290,1824,2.1,1831,290,,,,,
108,서울,2020-06-09,26.7,20.3,558,32.8,1502,,,,,,,7.9,340,1622,4.3,290,1538,2.3,1965,320,,,,,
108,서울,2020-06-10,25.8,22.5,548,32.1,1356,6.58,.6,1935,2.9,2019,6.2,9.8,270,1755,6.2,340,1747,2,1750,290,,,,,
108,서울,2020-06-11,26.1,21.7,511,31.6,1620,.42,0,,.1,,0,7.2,270,2022,4.6,290,2022,2.2,1935,290,,,,,
108,서울,2020-06-12,24.7,21.6,525,27.6,1421,,,,,,,4.7,340,424,3,320,424,1.7,1467,290,,,,,
108,서울,2020-06-13,26.9,20.6,541,33.5,1513,.5,0,,0,,0,8.4,290,1946,5,290,1946,1.9,1639,290,,,,,
108,서울,2020-06-14,24,20.1,2355,28.8,1433,3.83,.4,314,1.1,231,1.1,10.1,320,1822,5.9,290,1627,2.9,2510,270,,,,,
108,서울,2020-06-15,23,18.2,548,28.6,1500,,,,,,,13.4,250,1538,6.3,290,1616,2.8,2427,270,,,,,
108,서울,2020-06-16,24.4,20,357,30.7,1527,,,,,,,6.9,250,1652,4.4,270,1651,2.2,1923,290,,,,,
108,서울,2020-06-17,24.3,20.2,533,30.3,1455,,,,,,,7.9,230,1626,4.3,290,1644,2,1701,290,,,,,
108,서울,2020-06-18,23.4,20.3,541,27.3,1551,,,,,,,5.6,290,1840,3.4,290,1845,1.6,1407,320,,,,,
108,서울,2020-06-19,24.7,21.1,658,30,1448,1.83,.1,,.1,,.1,7.1,50,56,4.2,290,1901,2.1,1821,70,,,,,
108,서울,2020-06-20,24.9,20.7,503,29.7,1254,,,,,,,7.9,270,1542,4.6,320,1616,2.1,1853,290,,,,,
108,서울,2020-06-21,26.1,19.5,544,32.7,1450,,,,,,,8.4,290,1515,4.5,290,1518,2,1713,320,,,,,
108,서울,2020-06-22,28.6,21.7,522,35.4,1509,,,,,,,6.7,290,1700,4.1,290,1807,2,1698,290,,,,,
108,서울,2020-06-23,27.3,23.2,610,31,1405,.5,0,,0,,0,5.7,250,1428,3.7,250,1430,1.9,1602,270,,,,,
108,서울,2020-06-24,22.3,19.9,1250,26.3,1,19.17,2.9,1034,8.5,1105,37.6,10,110,702,5.7,140,1005,2.7,2359,50,,,,,
108,서울,2020-06-25,21.6,20.1,2331,23.4,1527,15.33,1.1,132,3.5,120,13.3,7.1,180,1510,4.3,180,2126,2.2,1909,180,,,,,
108,서울,2020-06-26,21.8,19.2,338,25.7,1529,5.83,.4,-2356,.9,-2331,2.1,9.5,200,315,5.3,230,323,3.2,2786,230,,,,,
108,서울,2020-06-27,24.1,20.4,524,29.6,1525,.75,0,,0,,0,8.3,250,1642,5.4,290,1759,2,1696,250,,,,,
108,서울,2020-06-28,25.2,21.5,554,30.1,1507,,,,,,,7.7,270,1641,4.7,250,1646,2.4,2059,270,,,,,
108,서울,2020-06-29,23.8,20.6,2357,26.5,1059,5.08,2.6,2356,9.6,2331,11.9,9.9,50,2257,5.9,50,2337,2.4,2069,50,,,,,
108,서울,2020-06-30,20.1,18.4,507,23.1,1450,18.42,4.7,348,15.9,330,64.7,14.5,50,220,7.6,50,232,4,3443,320,,,,,
108,서울,2020-07-01,21.1,18.1,447,24.3,1642,2.17,0,,0,,0,6.1,320,10,3.7,320,26,1.9,1625,270,,,,,
108,서울,2020-07-02,24.2,20.4,114,29.8,1635,,,,,,,5.4,230,2110,3.4,270,1802,1.9,1605,110,,,,,
108,서울,2020-07-03,25.5,21.6,2400,30.6,1508,1.92,.1,,.5,2330,.1,10.5,140,1446,6.1,160,1527,2.6,2259,50,,,,,
108,서울,2020-07-04,24.2,20.4,542,29.5,1451,4.83,.3,20,.9,36,1.6,7.4,270,1648,4.4,250,1632,2.1,1808,270,,,,,
108,서울,2020-07-05,23.8,19.9,521,27.6,1313,,,,,,,5.5,270,1335,3.5,250,1731,1.9,1645,250,,,,,
108,서울,2020-07-06,25.6,21.8,554,30.9,1605,,,,,,,7.7,340,1711,4.7,320,1711,2.1,1798,270,,,,,
108,서울,2020-07-07,24.1,22.1,659,28.1,1647,1.25,0,,0,,0,6.6,320,2206,4,290,1553,2.5,2156,270,,,,,
108,서울,2020-07-08,25.5,21.3,536,30.4,1602,,,,,,,6.4,250,1356,3.7,290,1439,2,1754,270,,,,,
108,서울,2020-07-09,27.5,21.8,526,32.9,1449,,,,,,,6.3,160,1247,3.6,320,1923,1.7,1480,110,,,,,
108,서울,2020-07-10,24.5,22.7,2344,27.7,1,4.67,1,819,1.9,800,2.2,11.3,20,1609,6.6,50,1555,2.8,2451,50,,,,,
108,서울,2020-07-11,25.8,22.2,432,30.2,1406,,,,,,,10,20,1257,5,50,2043,2.6,2275,50,,,,,
108,서울,2020-07-12,23.5,21.7,2319,26,1235,5.42,.3,1702,.9,1644,2.9,7.5,70,2358,3.6,50,2233,2.4,2051,70,,,,,
108,서울,2020-07-13,18.7,17.7,615,21.7,1,22.92,2.2,2220,6.2,2215,47.6,11,50,2100,5.9,50,2121,4,3466,70,,,,,
108,서울,2020-07-14,20.3,17.2,416,24.3,1533,9.83,1.7,51,5.9,-2331,11.5,8.6,50,220,4.4,50,1347,2.8,2391,50,,,,,
108,서울,2020-07-15,23.4,18.9,547,28.7,1703,,,,,,,6.8,50,1514,3.4,50,1336,2,1687,50,,,,,
108,서울,2020-07-16,25,20.4,454,29.7,1514,,,,,,,6.2,250,1801,3.5,270,1543,1.8,1562,270,,,,,
108,서울,2020-07-17,26,21.5,544,31.6,1433,.58,0,,0,,0,9.6,250,1604,5.6,270,1619,1.9,1660,250,,,,,
108,서울,2020-07-18,26.1,22.8,529,31,1539,,,,,,,6.4,320,1653,4,290,1657,1.6,1406,270,,,,,
108,서울,2020-07-19,24,20.6,904,26.6,2201,5.67,6.6,836,19.3,820,29.1,8.4,110,2148,4.3,50,1033,2.7,2364,50,,,,,
108,서울,2020-07-20,23.8,22.4,2217,26.6,212,10.33,.9,321,1.3,231,3.6,13.4,180,601,7,200,610,3.7,3226,200,,,,,
108,서울,2020-07-21,25,21.4,611,30.5,1533,.83,0,,0,,0,6.6,250,1723,4.2,250,1729,1.6,1392,270,,,,,
108,서울,2020-07-22,23.7,22.6,2222,25.7,1501,11.17,1.6,819,6.2,758,11.5,5.6,160,1655,3.4,140,1633,1.6,1402,50,,,,,
108,서울,2020-07-23,21.1,18.5,2319,22.6,1,22.67,4.5,2028,18.5,1717,103.1,14.9,70,2021,8.3,50,1954,3.6,3136,50,,,,,
108,서울,2020-07-24,22.5,18.7,1,26.8,1625,8.25,1.1,933,2.3,855,2.9,16.1,50,109,8.7,50,109,4.6,3944,50,,,,,
108,서울,2020-07-25,24.3,22.3,235,29,1555,.5,0,,0,,0,11.3,50,1437,6.1,50,1428,3.1,2703,50,,,,,
108,서울,2020-07-26,25.4,21.6,549,29.6,1614,.42,0,,0,,0,5.9,20,53,3.3,50,952,2,1767,50,,,,,
108,서울,2020-07-27,24.3,22.9,611,25.5,1540,16.92,.5,356,.6,306,2.2,5.7,20,1243,3.2,50,1656,2.2,1861,50,,,,,
108,서울,2020-07-28,24.4,22.7,548,26.4,1447,10.17,.2,,.3,1614,.4,5.4,70,1219,3.1,50,1256,2,1734,50,,,,,
108,서울,2020-07-29,23.7,22.6,925,24.9,1746,18.17,9.3,903,27.1,902,50.1,6.7,50,524,3.4,70,524,2,1694,50,,,,,
108,서울,2020-07-30,25.3,23.4,2324,28.4,1439,5.25,.1,,.1,,.1,7.7,180,1351,3.8,200,1342,2.1,1774,230,,,,,
108,서울,2020-07-31,26.2,22.8,635,29.6,1319,2.42,1.2,2355,1.2,2305,1.5,8.2,320,2341,4.6,290,2348,2,1701,250,,,,,
108,서울,2020-08-01,25.3,24.3,546,26.9,1113,16.5,8.9,1224,23.6,1222,39.1,9,180,1952,4.9,180,1948,1.7,1490,230,,,,,
108,서울,2020-08-02,24.9,23.5,1855,26.4,1501,23.25,11.1,1534,13.8,1533,31.4,14.6,250,1538,7.5,250,1543,2.3,2002,180,,,,,
108,서울,2020-08-03,25,23.9,2002,26.3,142,19.92,14.9,1920,28.5,836,102.6,14.5,200,21,8.3,180,25,3,2626,200,,,,,
108,서울,2020-08-04,27,25,1,29.4,1520,11.67,.9,722,1.8,636,3.9,11,180,1402,5.7,200,724,3.5,3043,200,,,,,
108,서울,2020-08-05,26.5,25.5,2346,29.1,1630,12.67,7.3,2337,14.4,2325,18.5,8,200,915,4.6,160,1651,1.9,1654,50,,,,,
108,서울,2020-08-06,24.1,22.9,2357,26,1644,12.33,6.8,419,19.9,415,75.7,13.1,200,544,6.5,200,545,3.3,2851,200,,,,,
108,서울,2020-08-07,24.3,22.6,628,26.1,1536,2.5,0,,0,,0,6.9,110,1126,3.3,110,1800,1.8,1521,50,,,,,
108,서울,2020-08-08,24.2,22.7,432,26.1,1628,10.42,1.3,2028,5.9,2026,19.1,7.5,110,1055,3.7,70,852,2.3,1949,70,,,,,
108,서울,2020-08-09,24.9,23.7,1,25.8,2330,20.25,3.9,1107,13.9,1337,50.3,12.4,180,1256,6.8,200,1241,2.6,2278,200,,,,,
108,서울,2020-08-10,26.5,24.7,2357,29.5,1331,17.67,10,1615,28.6,1556,44.6,10.2,200,341,4.3,200,348,2,1731,200,,,,,
108,서울,2020-08-11,24.6,22.4,536,27.3,1333,10.17,6.3,604,23.6,435,97,9.1,250,500,4.7,200,411,2.2,1858,200,,,,,
108,서울,2020-08-12,27.2,23.5,431,31.3,1405,,,,,,,6.7,200,1834,4.3,200,1840,1.9,1637,50,,,,,
108,서울,2020-08-13,28,26.3,506,30.3,1557,,,,,,,8.7,200,2026,4.9,200,2050,2.5,2169,200,,,,,
108,서울,2020-08-14,27.1,26.5,822,28,1147,2.92,.4,753,.4,750,.4,10.9,230,1306,5.7,230,1306,3.5,3065,200,,,,,
108,서울,2020-08-15,26.1,25,729,27,1745,17.08,13.1,1300,23.7,552,69,10.5,180,651,5.6,230,655,1.9,1641,200,,,,,
108,서울,2020-08-16,27.4,25.3,533,30.8,1441,,,,,,,10,250,1454,5.2,230,1524,3,2613,200,,,,,
108,서울,2020-08-17,28.2,26.1,459,32.2,1602,,,,,,,7.1,320,1711,4.1,290,1657,2.3,1996,200,,,,,
108,서울,2020-08-18,27.5,24,622,31.9,1543,,,,,,,5.4,270,1728,3.6,270,1533,1.6,1375,270,,,,,
108,서울,2020-08-19,27.1,23.6,514,31.4,1548,,,,,,,7.6,290,1446,4.4,290,1427,2,1727,270,,,,,
108,서울,2020-08-20,27.7,25,301,31.7,1310,,,,,,,7.1,290,1913,4.2,270,1620,1.7,1457,250,,,,,
108,서울,2020-08-21,26.6,25.2,543,29.2,1630,4.67,1.6,1247,2.1,1159,2.5,7.4,290,943,3.5,290,947,1.6,1344,50,,,,,
108,서울,2020-08-22,24.3,21.7,2342,27.6,1207,6.25,9.7,1227,23,1211,42.6,8.4,90,1259,5.5,340,1259,2.1,1792,50,,,,,
108,서울,2020-08-23,25.3,21.5,45,29.9,1555,,,,,,,6.2,250,1549,3.9,250,1552,1.9,1604,270,,,,,
108,서울,2020-08-24,27.8,23.7,554,32,1521,,,,,,,8.5,180,1329,4.9,230,1549,2.2,1866,50,,,,,
108,서울,2020-08-25,29.9,26,618,34.5,1452,,,,,,,7.6,180,1456,4.6,320,1722,2.1,1822,200,,,,,
108,서울,2020-08-26,30.2,27,552,34.5,1553,4.75,.4,2310,.6,2225,.6,13.9,70,2344,6.5,70,2352,3.4,2931,70,,,,,
108,서울,2020-08-27,27.1,25.6,736,28.6,1611,15.08,1.6,635,4.2,632,8.7,15.6,140,535,7,110,510,3.6,3101,110,,,,,
108,서울,2020-08-28,27.3,26,551,29.7,1228,9.25,4.7,539,6.7,523,13.6,7.4,230,1418,4.4,250,1433,1.6,1411,270,,,,,
108,서울,2020-08-29,26.8,25.5,558,29,1612,9.5,3.1,1055,6.5,1052,13.6,7.4,160,1057,4,160,1100,1.3,1122,50,,,,,
108,서울,2020-08-30,26.8,24.4,2348,30.6,1423,11.08,9.9,155,32.5,144,42.5,8.1,50,2311,4.8,50,2253,2.1,1800,200,,,,,
108,서울,2020-08-31,26.4,23.8,107,30,1610,.17,0,,0,,0,8.2,110,1427,4.3,50,24,2.8,2410,50,,,,,
108,서울,2020-09-01,26.6,23.8,630,29.5,1459,.75,0,,0,,0,7.5,110,9,3.6,90,9,1.9,1627,110,,,,,
108,서울,2020-09-02,24.3,22.6,2346,26.4,2,20.08,6,1746,20,1736,33.3,7.6,50,1542,4,50,1543,2.3,1970,50,,,,,
108,서울,2020-09-03,22.7,20,741,25.6,1420,11,1.3,740,5.1,220,29.8,21.5,290,829,9.8,270,722,4.8,4121,200,,,,,
108,서울,2020-09-04,23.3,19.9,325,27.5,1541,,,,,,,9.7,180,358,5.6,200,405,2.7,2316,200,,,,,
108,서울,2020-09-05,23.3,19.2,615,27.3,1529,,,,,,,5.8,110,1756,3.5,110,1838,2,1685,50,,,,,
108,서울,2020-09-06,21.7,19.5,2252,24.4,1449,8.58,1.5,2244,4.1,2240,6.4,9.7,70,1952,4.8,50,1957,2.7,2301,50,,,,,
108,서울,2020-09-07,19.2,17.5,751,20.6,2352,24,1.9,827,8.4,1933,61,15.3,20,1109,7.9,320,1059,4.2,3664,50,,,,,
108,서울,2020-09-08,23.4,20.6,1,26.5,1419,1,0,,0,,0,15.4,250,731,7,250,734,4.2,3616,230,,,,,
108,서울,2020-09-09,21.1,19,1424,25.3,1258,4.83,.9,1416,1.1,1331,1.3,13.1,320,1327,7.6,320,1332,2.1,1803,180,,,,,
108,서울,2020-09-10,22.8,18.8,623,27,1537,2.25,2.7,511,3.5,431,3.9,7.3,180,1455,4.2,180,1501,2,1722,50,,,,,
108,서울,2020-09-11,22.4,19.2,2357,27.1,1219,7.83,.4,2353,1.4,2330,1.2,9.7,110,1342,4.9,50,2045,2.8,2438,50,,,,,
108,서울,2020-09-12,20.2,18.1,232,23.2,1541,18.58,.6,138,1.8,121,5.7,8,70,229,3.9,50,230,2,1743,50,,,,,
108,서울,2020-09-13,21.5,16.7,618,26.6,1542,,,,,,,6.1,340,1538,3.5,320,1507,1.9,1663,50,,,,,
108,서울,2020-09-14,21.3,17.6,622,24.9,1236,.42,0,,0,,0,7.4,290,1728,4.3,290,1732,1.8,1581,270,,,,,
108,서울,2020-09-15,23,18.9,627,27.7,1429,,,,,,,5.9,160,1346,3.3,180,1447,1.6,1414,50,,,,,
108,서울,2020-09-16,22.5,21.3,2327,24.9,1248,5.75,.2,,.2,,.3,6.1,180,1445,3.4,200,1451,1.9,1644,180,,,,,
108,서울,2020-09-17,21.3,20.1,2333,23.6,1523,,,,,,,6.3,320,1555,3.7,290,1603,2.1,1854,270,,,,,
108,서울,2020-09-18,21.5,18.1,705,25.8,1444,,,,,,,12.4,230,1421,6,230,1423,2.8,2453,250,,,,,
108,서울,2020-09-19,21.2,17.6,2400,26.2,1436,1,.2,,.2,,.3,9.6,290,1640,5.3,270,1637,2.2,1919,250,,,,,
108,서울,2020-09-20,19.7,15.6,630,24.9,1510,,,,,,,8.2,290,1440,4.9,270,1442,2,1700,290,,,,,
108,서울,2020-09-21,19.1,13.6,609,25.3,1449,,,,,,,5.3,160,1238,2.9,160,1239,1.7,1433,50,,,,,
108,서울,2020-09-22,20.2,15.5,618,25.6,1454,,,,,,,9.2,110,2102,4.6,50,2138,2.8,2400,50,,,,,
108,서울,2020-09-23,19.2,15.2,521,23.8,1359,,,,,,,9.5,50,1707,5.3,50,1344,3.3,2879,50,,,,,
108,서울,2020-09-24,20.6,16.8,606,25.4,1340,,,,,,,10.8,20,1223,5.7,50,1236,3.7,3175,50,,,,,
108,서울,2020-09-25,20.1,16.6,426,25.4,1433,,,,,,,8.4,50,1553,4.9,50,1518,2.5,2120,50,,,,,
108,서울,2020-09-26,19.3,14.8,537,24.8,1458,,,,,,,10.5,20,1617,6.2,50,1619,2.4,2114,50,,,,,
108,서울,2020-09-27,20.4,14.9,640,25.8,1340,,,,,,,5.6,320,1804,3.9,320,1808,2,1731,50,,,,,
108,서울,2020-09-28,20.7,15.7,528,26.5,1451,,,,,,,6.1,250,1454,3.6,270,1704,2,1733,50,,,,,
108,서울,2020-09-29,19.6,15.3,626,23.9,1623,,,,,,,6.8,250,1148,4.3,290,1216,1.9,1614,290,,,,,
108,서울,2020-09-30,19.6,16.2,647,25.7,1358,2.67,15.3,1840,34,1824,38.3,6,250,1849,4.1,250,1848,1.7,1509,20,,,,,
108,서울,2020-10-01,18.8,15.6,620,23.6,1445,,,,,,,8.7,200,1714,4.7,230,1705,2.1,1781,50,,,,,
108,서울,2020-10-02,19.2,16.3,353,21.9,1130,.75,0,,0,,0,9.7,180,1030,5.2,180,1034,2.3,1959,180,,,,,
108,서울,2020-10-03,19.9,18.3,2338,23.2,1230,1.08,0,,0,,0,5.6,270,1518,3.6,270,1522,1.6,1379,270,,,,,
108,서울,2020-10-04,16.6,10.6,2350,21.8,1330,3.75,0,,0,,0,13.7,320,1802,7.2,320,1803,2.8,2427,270,,,,,
108,서울,2020-10-05,13.3,8.5,537,18.4,1555,,,,,,,10,320,1524,5.1,290,1352,2.5,2181,270,,,,,
108,서울,2020-10-06,14.2,9.3,627,19.7,1529,,,,,,,7.8,250,1124,4.1,290,1114,2,1746,290,,,,,
108,서울,2020-10-07,16,9.9,705,22,1558,,,,,,,7.1,160,1350,3.4,50,1359,1.9,1673,50,,,,,
108,서울,2020-10-08,17.2,12.1,621,23.1,1511,,,,,,,9.7,50,1723,5.4,50,1729,3.1,2648,50,,,,,
108,서울,2020-10-09,17.2,12.4,527,23.3,1508,,,,,,,9.5,110,1240,5.2,50,1518,3,2561,70,,,,,
108,서울,2020-10-10,16.9,12.3,543,21.5,1344,,,,,,,6.8,110,920,3.8,20,1116,2,1749,70,,,,,
108,서울,2020-10-11,16.9,12.7,634,20.8,1155,,,,,,,6.6,50,238,4.1,50,244,1.8,1594,50,,,,,
108,서울,2020-10-12,16.2,12.1,2356,21.3,1411,,,,,,,7.5,200,1523,4.6,250,1544,2.2,1912,250,,,,,
108,서울,2020-10-13,13.6,8.6,627,18.4,1459,,,,,,,8,320,1315,4.7,270,1319,2.2,1911,270,,,,,
108,서울,2020-10-14,12.8,8.5,2400,18,1327,,,,,,,9.4,250,1413,5.8,270,1500,2.4,2052,290,,,,,
108,서울,2020-10-15,11.7,6.5,644,18.5,1433,,,,,,,5.5,290,39,3.7,270,47,1.5,1284,50,,,,,
108,서울,2020-10-16,11.8,8.6,615,15.4,1425,,,,,,,3.9,290,1328,2.5,50,754,1.5,1320,50,,,,,
108,서울,2020-10-17,13.1,8.7,702,18.6,1508,,,,,,,7.2,250,1528,4.3,270,1353,1.8,1595,270,,,,,
108,서울,2020-10-18,13.6,7.2,630,20.2,1352,,,,,,,7.1,270,1507,3.9,290,1529,2,1746,20,,,,,
108,서울,2020-10-19,15.1,9.8,700,21.3,1440,,,,,,,6,250,1522,3.4,250,1655,1.7,1457,20,,,,,
108,서울,2020-10-20,15.2,9.9,647,21.7,1413,,,,,,,4.9,290,1434,3.1,250,1438,1.6,1341,20,,,,,
108,서울,2020-10-21,14.1,11.8,301,17.3,1529,,,,,,,6.2,180,1504,3.8,160,1511,1.9,1653,50,,,,,
108,서울,2020-10-22,13.5,8.4,2344,18.2,1451,1.25,0,,0,,0,10.4,340,2020,5.7,320,2028,2.8,2436,50,,,,,
108,서울,2020-10-23,8.6,5.4,713,13.3,1515,,,,,,,10,270,1337,5.5,290,1321,3,2566,270,,,,,
108,서울,2020-10-24,8.7,3.2,705,14,1538,,,,,,,11,290,1242,5.9,290,1212,2.5,2150,270,,,,,
108,서울,2020-10-25,11.8,5.4,708,18.2,1345,,,,,,,6.3,250,1123,3.8,250,1318,1.7,1483,20,,,,,
108,서울,2020-10-26,12.9,8,618,19,1354,,,,,,,6.7,290,1409,4.4,320,1417,1.6,1406,20,,,,,
108,서울,2020-10-27,14,9,653,19.4,1431,,,,,,,5.7,290,1411,3.4,320,1516,1.8,1573,270,,,,,
108,서울,2020-10-28,13.8,8.6,2359,18.2,1442,,,,,,,9.1,320,1449,4.8,270,1507,2.5,2196,270,,,,,
108,서울,2020-10-29,10.8,5.5,703,16.1,1328,,,,,,,7.2,340,112,4.5,320,104,2,1694,270,,,,,
108,서울,2020-10-30,11.9,5.8,731,19.6,1512,,,,,,,5.6,110,1053,3.2,90,1101,1.5,1284,50,,,,,
108,서울,2020-10-31,13.6,8.5,649,18.2,1431,,,,,,,10.2,200,1408,5,230,1414,2.6,2235,200,,,,,
108,서울,2020-11-01,13.7,11.6,2359,15,1,7.17,,,,,13.6,10.8,160,909,4.5,200,808,2.3,1947,200,,,,,
108,서울,2020-11-02,10.8,7.9,701,15.6,1432,2.33,,,,,1.7,8.7,290,1452,4.9,250,1455,2.3,2006,270,,,,,
108,서울,2020-11-03,5.1,2.7,623,8.6,1,.83,,,,,.5,15.6,290,1155,8.4,290,1156,3.5,3032,270,,,,,
108,서울,2020-11-04,4.9,.2,714,10.8,1602,,,,,,,7.4,250,27,4.2,290,1045,2.3,1965,270,,,,,
108,서울,2020-11-05,9.6,3.4,657,15.9,1541,,,,,,,4.5,50,757,3,180,1415,1.8,1559,50,,,,,
108,서울,2020-11-06,13.5,9.9,657,17.2,1445,,,,,,,5.3,180,1501,3.3,200,1525,1.7,1478,50,,,,,
108,서울,2020-11-07,14.6,12.2,2312,18.1,1433,.42,,,,,.1,10.1,250,1539,4.9,270,1539,2.7,2349,230,,,,,
108,서울,2020-11-08,8.5,3.1,2359,12.4,26,,,,,,,12,340,1948,6.2,320,1950,3.1,2636,270,,,,,
108,서울,2020-11-09,5.5,.7,708,8.9,1258,,,,,,,6.9,290,1050,4,290,1046,1.8,1562,270,,,,,
108,서울,2020-11-10,7.7,3.5,649,12.9,1505,,,,,,,8,250,1550,5,290,1231,2.2,1872,270,,,,,
108,서울,2020-11-11,9.3,3.5,718,16.5,1448,,,,,,,4.1,180,1452,2.6,180,1458,1.6,1362,50,,,,,
108,서울,2020-11-12,10.4,4.6,704,17.7,1331,,,,,,,6.2,180,1348,3.4,200,1353,1.7,1460,20,,,,,
108,서울,2020-11-13,12.2,8.5,613,17.6,1444,,,,,,,4.9,200,1418,3,250,1421,1.6,1421,20,,,,,
108,서울,2020-11-14,12.5,6.8,725,19.3,1459,,,,,,,6.7,110,1227,4,110,1248,1.7,1434,50,,,,,
108,서울,2020-11-15,11.1,8.2,709,14.9,1519,,,,,,,6.2,290,1424,3.7,290,1143,1.7,1480,20,,,,,
108,서울,2020-11-16,12.4,7.5,733,18.3,1438,,,,,,,6.2,70,2222,4.1,50,2304,1.6,1395,50,,,,,
108,서울,2020-11-17,15.9,11.7,429,20,1413,2.08,,,,,.1,6.9,50,126,4.5,50,108,2.3,2017,70,,,,,
108,서울,2020-11-18,16.6,14.8,235,18.7,1439,10.83,,,,,12.2,6,20,1159,3.6,50,1050,2.6,2233,50,,,,,
108,서울,2020-11-19,13.6,6.9,2343,19.1,255,14.17,,,,,86.9,13.4,180,516,7.3,230,834,4.2,3657,270,,,,,
108,서울,2020-11-20,2.8,.3,2356,7,1,4.5,,,,,0,9.7,320,211,5.6,270,231,3.2,2797,290,,,,,
108,서울,2020-11-21,6.5,-.3,252,12.8,1428,1.67,,,,,.2,8.1,90,1227,4.8,50,450,2.1,1844,50,,,,,
108,서울,2020-11-22,5.6,1.5,2349,9.1,1,8.83,,,,,4.8,9.5,290,1822,5.7,290,1823,2.5,2160,270,,,,,
108,서울,2020-11-23,1.7,-1.5,738,5.9,1546,,,,,,,8,320,245,4.9,320,241,2.3,2023,290,,,,,
108,서울,2020-11-24,2.9,.2,113,6.4,1627,,,,,,,5.3,290,1918,3.8,290,1920,1.8,1558,20,,,,,
108,서울,2020-11-25,4.6,0,732,9.5,1349,,,,,,,4.9,290,1257,3,290,1323,1.5,1282,270,,,,,
108,서울,2020-11-26,5.6,1.9,802,10.9,1435,,,,,,,6.3,320,1813,3.6,340,407,1.7,1488,270,,,,,
108,서울,2020-11-27,4.1,.6,2348,7.7,1310,.17,,,,,0,9,270,1437,5.3,250,1218,2.7,2331,270,,,,,
108,서울,2020-11-28,-.1,-2.3,734,2.8,1445,,,,,,,8.7,290,1258,5.3,290,1304,2.8,2453,290,,,,,
108,서울,2020-11-29,-.6,-3.6,613,2.6,1356,,,,,,,7.4,290,1923,4.5,290,1426,2.2,1892,270,,,,,
108,서울,2020-11-30,-.2,-3.6,609,4.3,1454,,,,,,,6.6,250,1324,4.6,290,1301,1.9,1683,270,,,,,
108,서울,2020-12-01,1.1,-3.6,729,6.7,1358,,,,,,,6.1,250,1449,4,250,1415,1.9,1644,290,,,,,
108,서울,2020-12-02,2.4,.5,2337,6.1,1431,,,,,,,5.6,290,1500,3.9,290,1506,1.8,1518,270,,,,,
108,서울,2020-12-03,.7,-2.3,2350,4.2,1359,,,,,,,8.3,250,1553,4.9,320,2055,2.7,2333,290,,,,,
108,서울,2020-12-04,-.6,-4.6,701,4.4,1518,,,,,,,6.8,270,1532,4.3,250,1535,1.8,1558,290,,,,,
108,서울,2020-12-05,2.1,-2.2,724,6.6,1207,,,,,,,6.3,290,1258,3.9,320,1234,1.7,1506,20,,,,,
108,서울,2020-12-06,4.5,1.2,750,9.1,1349,,,,,,,7.7,270,1505,4.3,270,1507,1.8,1539,50,,,,,
108,서울,2020-12-07,3.4,-.7,2354,6.3,1253,,,,,,,10.2,340,1555,5.6,290,1314,2.6,2206,270,,,,,
108,서울,2020-12-08,-.5,-3.5,540,4.1,1408,,,,,,,6.3,320,132,3.9,320,820,2,1711,320,,,,,
108,서울,2020-12-09,1.5,-4.1,654,6.2,1346,,,,,,,4.6,50,833,3,50,842,1.5,1308,50,,,,,
108,서울,2020-12-10,5.8,3.2,756,9.3,1500,2.58,,,,,0,6.5,180,1505,3.5,250,1451,1.7,1451,50,,,,,
108,서울,2020-12-11,5.3,2.6,712,9.4,1342,,,,,,,7.7,270,1652,4.5,250,1549,1.8,1531,270,,,,,
108,서울,2020-12-12,2.3,-.3,629,6.1,1432,,,,,,,8.7,290,1451,4.8,290,1457,2.1,1798,270,,,,,
108,서울,2020-12-13,-1.1,-6,2350,2,229,7.58,,,,,2.9,11.4,290,1930,6.1,290,1833,2.9,2529,270,3.2,1000,3.2,1000,3.3
108,서울,2020-12-14,-7.7,-9.7,742,-5,1454,,,,,,,9.8,320,1418,5.3,290,1410,3.4,2953,290,,,1.7,1,
108,서울,2020-12-15,-8.3,-11.1,756,-4.6,1524,,,,,,,9.1,320,1455,5.2,320,1450,2.8,2394,290,,,1,1,
108,서울,2020-12-16,-8.3,-11.2,559,-3.9,1526,,,,,,,8.3,290,1324,4.6,290,1406,2.6,2258,290,,,.8,1,
108,서울,2020-12-17,-4.9,-11.1,454,.8,1531,1.08,,,,,0,5.6,320,1149,3.7,290,1151,1.7,1478,20,,,.7,1,
108,서울,2020-12-18,-2.1,-6.4,2343,1.8,1425,7.58,,,,,.2,9.9,340,2030,5.4,320,2034,3,2566,50,.2,455,.6,455,.2
108,서울,2020-12-19,-5.1,-9.6,728,-1.2,1540,,,,,,,9.3,320,1413,5.1,290,1422,2.4,2067,270,,,,,
108,서울,2020-12-20,-3.7,-8.2,714,1.1,1549,,,,,,,7.6,320,1302,4.4,290,1303,2,1734,270,,,,,
108,서울,2020-12-21,-1,-6,738,4.7,1500,,,,,,,6.7,340,1347,3.7,250,1444,1.6,1415,20,,,,,
108,서울,2020-12-22,2,-2.5,219,7.2,1444,,,,,,,9.3,250,1500,4.7,270,1326,2,1735,20,,,,,
108,서울,2020-12-23,4.5,-.4,440,8.5,1441,.25,,,,,0,9.1,230,1537,5.1,230,1527,2.3,2005,50,,,,,
108,서울,2020-12-24,2.6,-2,2340,6.1,108,,,,,,,11.7,290,1321,6.5,290,1311,2.9,2546,270,,,,,
108,서울,2020-12-25,-.8,-4.7,755,3.5,1420,,,,,,,9.1,270,1407,4.7,290,1456,2.1,1791,250,,,,,
108,서울,2020-12-26,2.2,-2.1,404,8,1443,,,,,,,6.7,250,1417,3.9,270,1422,1.8,1575,20,,,,,
108,서울,2020-12-27,5.8,1.4,1,10,1412,1.75,,,,,0,5,70,1429,2.8,50,833,1.8,1569,70,,,,,
108,서울,2020-12-28,6.7,4.2,826,11.4,1344,1.33,,,,,1.3,5.9,270,1840,3.1,290,1738,1.4,1226,50,,,,,
108,서울,2020-12-29,.1,-6.2,2356,4.3,6,6.25,,,,,.2,10.2,290,2034,6.1,320,2046,2.9,2464,270,,,,,
108,서울,2020-12-30,-10.9,-12.9,2222,-6.2,1,,,,,,,10.6,290,1021,6.2,270,34,4.1,3529,270,,,,,
108,서울,2020-12-31,-8.9,-12.9,116,-5,1512,.33,,,,,0,7.4,320,1406,4.2,250,1452,2.4,2105,270,,,,,
108,서울,2021-01-01,-4.2,-9.8,511,1.6,1447,,,,,,,7.7,270,1530,4.1,270,1532,2,1723,270,,,,,
108,서울,2021-01-02,-5,-8.4,805,-1.4,1346,,,,,,,9.9,290,1436,5.4,320,1413,2.6,2214,270,,,,,
108,서울,2021-01-03,-5.6,-9.1,536,-2,1238,,,,,,,8.5,320,1358,4.5,270,1345,2,1696,270,,,,,
108,서울,2021-01-04,-3.5,-8.4,656,.3,1535,2.33,,,,,0,5.6,70,1200,3.2,50,609,1.7,1485,50,0,,0,,0
108,서울,2021-01-05,-5.5,-9.9,2356,-2.1,1,5.42,,,,,0,9.9,340,1105,5.7,290,1131,2.9,2528,290,0,,0,,0
108,서울,2021-01-06,-7.4,-12,702,-1.9,1547,5.33,,,,,2.3,15.9,290,2348,8.1,290,2351,2.4,2039,270,3.8,2055,3.8,2055,4
108,서울,2021-01-07,-14.5,-16.5,802,-8.4,1,,,,,,,15.3,290,147,8.3,290,142,4.1,3563,270,,,3.3,1,
108,서울,2021-01-08,-14.9,-18.6,812,-10.7,1450,,,,,,,10.9,270,1518,6.1,290,1601,3.3,2820,290,,,1.1,1,
108,서울,2021-01-09,-12.2,-16.6,614,-7.5,1602,,,,,,,11.4,270,1644,6.5,290,1628,2.6,2221,270,,,1,1,
108,서울,2021-01-10,-7.7,-12.8,538,-2.7,1406,,,,,,,4.2,160,1409,2.6,50,1110,1.3,1153,290,,,.7,1,
108,서울,2021-01-11,-6.7,-9.6,502,-4,1452,,,,,,,5.4,50,1122,3.5,290,209,1.9,1625,50,,,.4,1,
108,서울,2021-01-12,-3.9,-9.3,657,-.5,1417,7.5,,,,,2.6,4.9,50,1207,3.4,50,908,1.8,1596,50,5,1955,5.1,1955,5
108,서울,2021-01-13,2,-3,430,8.3,1458,.67,,,,,0,9,200,1552,4.9,230,1542,2.4,2054,50,,,5,1,
108,서울,2021-01-14,1.7,-3.6,749,7,1506,,,,,,,6.5,70,1353,3.9,70,1357,2.3,1961,70,,,,,
108,서울,2021-01-15,4.5,-.7,2357,9.9,1303,.42,,,,,.2,10.6,250,1459,5.8,230,1503,3,2632,50,,,,,
108,서울,2021-01-16,-4.9,-8.7,2349,-.7,1,,,,,,,9.2,250,1510,5.2,250,1519,3.3,2818,290,,,,,
108,서울,2021-01-17,-5.5,-10.8,800,-1.3,1516,5.25,,,,,0,6.7,230,1634,4,230,1612,2.3,1949,270,.1,2100,.1,2100,.1
108,서울,2021-01-18,-3.8,-9.1,2356,.2,1325,5.42,,,,,.3,14.6,270,1758,8.6,290,1607,3.2,2755,290,.9,1030,1,1030,.9
108,서울,2021-01-19,-6.3,-11.6,753,-.2,1537,,,,,,,7.9,320,130,4.7,320,134,1.8,1551,290,,,,,
108,서울,2021-01-20,-.1,-6.6,513,7.1,1559,,,,,,,6.6,70,939,4.3,50,736,2.2,1910,50,,,,,
108,서울,2021-01-21,4.5,2.5,1,7,1337,10.25,,,,,9.2,5.3,50,801,3.8,50,758,2.3,1971,70,,,,,
108,서울,2021-01-22,5.5,4.8,5,6.6,1356,2,,,,,.1,4.9,70,2103,3.2,70,2116,1.7,1436,50,,,,,
108,서울,2021-01-23,7.6,4.8,12,12.2,1504,,,,,,,9.9,50,1436,5.8,70,1210,4.2,3620,70,,,,,
108,서울,2021-01-24,7.3,2.4,758,13.9,1510,,,,,,,7.2,20,1,4.7,70,6,2.1,1799,70,,,,,
108,서울,2021-01-25,7.9,3,542,13.9,1527,,,,,,,5.5,70,1407,3.6,70,1408,1.9,1603,70,,,,,
108,서울,2021-01-26,5.3,1.7,2357,7.4,1,6.92,,,,,1.7,6.8,320,1926,3.8,270,1652,1.9,1672,50,,,,,
108,서울,2021-01-27,1.7,-1.8,759,6.5,1400,,,,,,,9,20,1259,5.2,360,1303,2.2,1937,270,,,,,
108,서울,2021-01-28,-2.6,-9.7,2352,1.4,940,1.33,,,,,2,17.5,270,1747,8.7,250,1405,4,3417,270,3.6,1040,3.6,1040,3.6
108,서울,2021-01-29,-8.8,-11.6,556,-4.9,1556,,,,,,,13.7,250,30,7.3,270,8,3.5,3000,270,,,.7,1,
108,서울,2021-01-30,-1.6,-8.1,1,5.2,1614,4.5,,,,,.5,8.1,320,1355,4.8,290,1357,2.5,2125,50,.8,950,.8,950,.8
108,서울,2021-01-31,3.2,-3.8,542,8.7,1517,,,,,,,7,50,754,4.4,50,755,2,1756,70,,,,,
108,서울,2021-02-01,5,-2.3,2357,9.5,1320,.83,,,,,.7,11.4,270,2324,6.7,270,2326,2.7,2290,50,,,,,
108,서울,2021-02-02,-5.6,-8.2,756,-2.4,1,3.83,,,,,0,11.2,290,338,5.9,290,341,3.9,3353,270,,,,,
108,서울,2021-02-03,-3.2,-9.4,335,1.4,1337,6.5,,,,,3.4,8.5,270,1340,4.5,230,1347,2.2,1911,200,4.2,2355,4.2,2355,4.2
108,서울,2021-02-04,-3.6,-7.4,732,.7,1554,1.33,,,,,.1,10.4,250,417,5.3,250,350,2.5,2188,270,.2,30,4.3,30,.2
108,서울,2021-02-05,1.4,-4.4,1,6.7,1532,,,,,,,9.3,230,1501,5.1,200,1502,2.4,2116,200,,,1.4,1,
108,서울,2021-02-06,6.8,4.3,1,9.5,1405,,,,,,,8,230,1541,4.6,180,1353,2.2,1925,200,,,,,
108,서울,2021-02-07,3.6,-2.6,2352,7.7,1441,,,,,,,9.4,290,1410,5.3,250,1706,2.9,2518,270,,,,,
108,서울,2021-02-08,-3.1,-5.4,734,.2,1517,,,,,,,11.5,320,1551,6.3,320,1528,3.4,2936,290,,,,,
108,서울,2021-02-09,-.9,-6.1,415,4.7,1551,,,,,,,8.1,250,1450,4.8,250,1426,2,1693,250,,,,,
108,서울,2021-02-10,3.4,-1.5,339,7.2,1509,,,,,,,7.7,200,1632,4.3,200,1632,2.1,1799,230,,,,,
108,서울,2021-02-11,5.5,1.3,615,10.9,1606,,,,,,,4.9,110,1137,3.1,90,1143,1.3,1142,70,,,,,
108,서울,2021-02-12,6.5,.6,722,14,1507,,,,,,,5.9,250,1528,3.4,250,1909,1.7,1432,20,,,,,
108,서울,2021-02-13,7.6,1,758,15.9,1444,,,,,,,6.1,290,1621,3.8,290,1625,1.5,1285,20,,,,,
108,서울,2021-02-14,9.5,6.4,703,13.8,1244,.17,,,,,0,5.4,270,2354,3.6,250,2355,1.7,1428,70,,,,,
108,서울,2021-02-15,1.2,-5.2,2339,8.2,1,5.5,,,,,1.4,14.1,270,1419,7.3,250,1622,4,3432,250,,,,,
108,서울,2021-02-16,-5.1,-7,2358,-1.3,1707,5.55,,,,,1.5,12.9,290,2257,7.2,290,2353,3.2,2764,270,1.1,1355,1.1,1355,1.1
108,서울,2021-02-17,-8.3,-10.4,719,-5.2,1453,.67,,,,,0,15.8,270,1414,7.5,270,1417,5,4353,270,0,,.9,1,0
108,서울,2021-02-18,-5.8,-10.6,612,-.4,1631,,,,,,,9.9,270,948,6.1,290,954,3.1,2651,270,,,.2,1,
108,서울,2021-02-19,1.6,-7.1,537,8.9,1553,,,,,,,11.7,180,1557,5.9,230,1457,2.9,2474,200,,,,,
108,서울,2021-02-20,8.8,5.5,1,14.9,1545,,,,,,,6.5,180,4,3.9,200,5,2.1,1852,200,,,,,
108,서울,2021-02-21,10.8,4.7,723,17.4,1347,,,,,,,10.4,180,1607,5.8,200,1802,2.8,2380,50,,,,,
108,서울,2021-02-22,7.8,.4,2358,12.6,1220,,,,,,,11.6,290,1537,6.5,290,2032,2.9,2472,290,,,,,
108,서울,2021-02-23,0,-3.1,733,4.3,1521,,,,,,,8.5,290,1343,5.3,290,1343,2.9,2478,290,,,,,
108,서울,2021-02-24,2.9,-3,720,10.1,1517,,,,,,,4.7,290,103,3.2,290,109,1.8,1591,50,,,,,
108,서울,2021-02-25,4.2,.7,406,8.2,1527,,,,,,,4.2,20,1228,2.8,50,1035,1.4,1232,50,,,,,
108,서울,2021-02-26,8.2,.5,721,15.8,1506,,,,,,,7.2,20,2015,4.3,70,1110,2.3,2004,50,,,,,
108,서울,2021-02-27,9.5,4.3,636,16.2,1601,,,,,,,9.5,20,945,5.6,50,950,3.4,2977,90,,,,,
108,서울,2021-02-28,7.8,3.2,717,10.8,1607,,,,,,,6.8,70,235,4.3,70,242,2.1,1828,50,,,,,
108,서울,2021-03-01,4.7,.5,2324,9,1,22.92,,,,,67.5,13,180,1706,6.2,50,1802,3.5,3037,50,2.3,2350,2.3,2350,2.3
108,서울,2021-03-02,2.3,.2,352,6.9,1543,1.33,,,,,.1,6.4,290,1552,4,340,1712,1.9,1629,50,0,,2.3,1,0
108,서울,2021-03-03,4.4,-1.2,656,9.9,1627,,,,,,,5.3,110,1258,3.1,200,1415,1.8,1529,20,,,,,
108,서울,2021-03-04,7.2,2.5,310,13,1559,,,,,,,4.9,50,610,3.6,50,613,1.9,1662,50,,,,,
108,서울,2021-03-05,9,3,729,16.2,1518,,,,,,,8.1,230,1618,4.9,250,1618,2.1,1850,250,,,,,
108,서울,2021-03-06,6.6,3.2,2357,11.6,1216,,,,,,,10.5,50,1641,6.2,50,1426,3.3,2827,50,,,,,
108,서울,2021-03-07,6.2,2.1,659,12.2,1423,,,,,,,7.8,50,101,5.2,50,304,2.8,2424,50,,,,,
108,서울,2021-03-08,7,1.5,706,13.9,1425,,,,,,,7.7,230,1639,4.9,250,1645,1.8,1583,270,,,,,
108,서울,2021-03-09,6.6,2.1,550,12.2,1433,,,,,,,8.2,290,1641,4.6,250,1645,2.2,1886,250,,,,,
108,서울,2021-03-10,8.8,1.7,704,17.1,1539,,,,,,,5.8,70,1225,3.7,270,1842,1.8,1581,50,,,,,
108,서울,2021-03-11,10.2,4.7,720,17.1,1436,,,,,,,7.3,270,1647,4.5,250,1654,1.8,1530,270,,,,,
108,서울,2021-03-12,10.5,7.2,2353,14.9,1240,2.75,,,,,0,8.4,110,1412,4.8,70,1400,2.2,1924,50,,,,,
108,서울,2021-03-13,9.2,4.6,650,14.2,1436,,,,,,,7.6,250,1632,4.4,270,1617,2.2,1908,270,,,,,
108,서울,2021-03-14,9.1,4.9,701,14.7,1541,,,,,,,6.8,230,1301,3.9,250,1302,2.2,1879,250,,,,,
108,서울,2021-03-15,10.6,5.1,602,15.7,1446,1.25,,,,,1.7,9.8,250,2058,5.1,230,2106,2.4,2069,230,,,,,
108,서울,2021-03-16,8.4,4.9,2356,13.1,1438,2.42,,,,,1.3,9.9,270,46,5.3,270,52,3.2,2751,290,,,,,
108,서울,2021-03-17,8.8,1.8,628,17.5,1613,,,,,,,6.8,250,1713,4.7,250,1714,1.8,1598,50,,,,,
108,서울,2021-03-18,11.7,5,540,18.4,1604,,,,,,,6.5,270,1647,4.2,250,1655,1.8,1540,50,,,,,
108,서울,2021-03-19,15.3,11.4,640,20.2,1510,,,,,,,7.5,140,923,4.3,290,1817,2.2,1924,70,,,,,
108,서울,2021-03-20,9.9,7.4,2346,14.7,1,10.5,,,,,5.1,9.2,140,725,4,140,732,2.2,1887,110,,,,,
108,서울,2021-03-21,5.8,3.1,2355,8.6,1427,1.5,,,,,.3,14.8,320,1750,6.8,270,2126,4,3415,270,,,,,
108,서울,2021-03-22,6.2,1.1,653,11.1,1349,,,,,,,12.4,200,1356,6.9,230,1534,3.2,2774,250,,,,,
108,서울,2021-03-23,9.1,2.5,518,16.4,1418,,,,,,,12.1,270,1659,5.7,200,1437,2.5,2197,200,,,,,
108,서울,2021-03-24,10.8,5.7,619,16.9,1513,,,,,,,9.3,290,1646,5.3,290,1653,2.4,2068,270,,,,,
108,서울,2021-03-25,11.9,6.8,2356,19,1405,,,,,,,7.7,230,1525,4.9,270,1643,2.2,1892,270,,,,,
108,서울,2021-03-26,12.6,4.8,647,20.6,1543,,,,,,,4.2,250,1,2.9,250,4,1.4,1217,250,,,,,
108,서울,2021-03-27,12.1,10.2,621,15,1156,13.08,,,,,25.5,8,70,1558,4.8,50,1537,2.5,2178,70,,,,,
108,서울,2021-03-28,9,7.7,643,13,138,15,,,,,9.2,10.9,180,357,6.4,200,402,3.3,2879,200,,,,,
108,서울,2021-03-29,10.2,7.3,2357,14.6,1342,2.75,,,,,.2,11.2,270,1538,6.6,270,1541,3.3,2812,250,,,,,
108,서울,2021-03-30,10.8,4.1,623,18.2,1548,,,,,,,8.1,290,1917,5.1,250,1827,2.2,1927,270,,,,,
108,서울,2021-03-31,14.5,5.9,631,22.9,1535,,,,,,,6,270,2126,3.6,290,2124,1.8,1539,50,,,,,
108,서울,2021-04-01,17.7,12,651,24,1614,,,,,,,12.4,50,2159,6.7,50,2153,3.5,3017,50,,,,,
108,서울,2021-04-02,17.8,12.5,408,23,1506,.83,0,,0,,0,10.9,50,12,6.4,50,13,3.2,2779,70,,,,,
108,서울,2021-04-03,14.9,10.9,2353,18,1,16.53,2.9,1131,11.5,1110,56.2,10.3,50,2159,6.3,50,2037,3.1,2657,50,,,,,
108,서울,2021-04-04,11.9,9,2400,15.8,1337,5.75,.2,,.4,402,.6,9.7,50,107,5.2,50,112,3.2,2751,50,,,,,
108,서울,2021-04-05,11.9,5.4,629,19.3,1614,,,,,,,9,270,1655,5.3,270,1704,2.4,2064,20,,,,,
108,서울,2021-04-06,13.9,9.4,510,19.2,1343,,,,,,,9.5,200,1445,5.4,250,1653,2.5,2188,250,,,,,
108,서울,2021-04-07,14.1,8.1,607,20.4,1335,,,,,,,11.1,250,1513,6.2,270,1623,2.5,2137,250,,,,,
108,서울,2021-04-08,13,7.2,616,18,1516,,,,,,,10.6,320,1801,5.8,290,1611,2.7,2351,270,,,,,
108,서울,2021-04-09,13.6,7.6,416,19.6,1558,,,,,,,10,20,849,5.8,50,848,2.7,2306,50,,,,,
108,서울,2021-04-10,12.6,7.7,607,18.8,1459,,,,,,,8,250,1522,4.7,270,1531,2.6,2234,250,,,,,
108,서울,2021-04-11,15,7.5,639,21.8,1610,,,,,,,6.4,270,1736,3.9,250,1713,1.7,1480,20,,,,,
108,서울,2021-04-12,13.8,11.9,1703,17.8,1132,14.17,1.6,2316,5.4,1831,22,9.7,110,1317,4.8,140,1400,2.4,2036,70,,,,,
108,서울,2021-04-13,10.4,5.7,2355,13.5,1343,6.75,.8,9,3,-2351,8,10.2,270,1721,5.7,250,1354,3.7,3183,270,,,,,
108,서울,2021-04-14,8.4,3.1,544,13.3,1224,,,,,,,11.2,320,1342,6.9,270,1345,2.9,2484,270,,,,,
108,서울,2021-04-15,11.6,6.3,313,18.3,1454,,,,,,,8.5,290,1639,4.7,270,1654,2.1,1774,270,,,,,
108,서울,2021-04-16,11.3,8.1,2400,14.8,1602,3.5,.3,1113,.7,1057,.7,10.9,180,1719,5.7,200,1003,2.6,2274,200,,,,,
108,서울,2021-04-17,9.6,6,611,14.6,1527,1.58,0,,0,,0,12.5,180,1242,7.1,290,1602,2.6,2221,230,,,,,
108,서울,2021-04-18,9.9,5.6,607,15.3,1602,,,,,,,10.9,320,1355,5.7,250,1336,3.2,2722,250,,,,,
108,서울,2021-04-19,12.2,5.8,542,19.4,1440,,,,,,,8.8,180,1335,4.9,200,1642,2.4,2093,200,,,,,
108,서울,2021-04-20,14.8,8.1,614,22,1552,,,,,,,7.3,290,1811,4.5,270,1711,1.9,1626,270,,,,,
108,서울,2021-04-21,19.1,10.3,601,28.2,1601,,,,,,,7,250,2055,4.3,250,2102,1.8,1580,270,,,,,
108,서울,2021-04-22,20.9,16.1,251,27.5,1356,,,,,,,10,320,2218,5,50,942,2.5,2199,50,,,,,
108,서울,2021-04-23,19,17,703,21.7,1350,4,0,,0,,0,11.3,50,1045,6.9,50,1412,3.2,2732,50,,,,,
108,서울,2021-04-24,18.3,15.3,637,22.2,1540,.67,0,,0,,0,8.2,50,259,5.2,340,1431,2.7,2297,50,,,,,
108,서울,2021-04-25,18.2,12.6,500,24,1645,,,,,,,11.3,70,735,5.6,50,748,2.7,2375,50,,,,,
108,서울,2021-04-26,16.2,12.3,614,20.6,1408,,,,,,,8.5,200,1310,4.6,290,1651,2.6,2247,110,,,,,
108,서울,2021-04-27,15.4,12.5,430,20,1427,4,2.2,2356,5.8,2331,1.7,9,200,2304,5,230,1835,2.3,2013,200,,,,,
108,서울,2021-04-28,14.5,11.2,602,18.2,1419,1.33,1.4,9,4.7,1,4.7,9.7,180,49,4.8,230,57,2.4,2059,200,,,,,
108,서울,2021-04-29,14.6,10.9,538,20.1,1609,4.33,1.2,2355,4.3,2313,3.9,11,180,2232,6.4,200,2235,2.3,1966,50,,,,,
108,서울,2021-04-30,11.3,8.6,414,14.6,1227,9.75,1.8,332,8.9,245,26.3,8.5,160,1445,5.2,200,1449,2.4,2077,200,,,,,
108,서울,2021-05-01,10.2,8.5,2326,15.3,1256,11.67,1.5,1424,5.3,1419,8,10.3,290,1418,6.3,320,1425,2.7,2360,270,,,,,
108,서울,2021-05-02,12.4,7.3,602,18.7,1436,2.5,.4,110,1.2,24,1.7,9.3,290,1720,5.3,270,1740,3.1,2720,270,,,,,
108,서울,2021-05-03,14.1,8.4,555,20.3,1520,,,,,,,8.6,270,1559,4.9,200,1348,2.1,1847,200,,,,,
108,서울,2021-05-04,13.8,11.4,300,15.8,1915,16.25,1.5,1446,5.1,1436,19.6,9.3,290,2346,4.8,290,2149,2.1,1796,50,,,,,
108,서울,2021-05-05,13.9,10.3,620,18.4,1509,.5,.1,,.4,-2331,.1,13.1,270,1417,6.7,250,1544,3.5,3003,250,,,,,
108,서울,2021-05-06,15.7,7.9,538,23.1,1420,,,,,,,11.8,230,1612,6.5,230,1620,2.4,2081,50,,,,,
108,서울,2021-05-07,14.4,10.7,2357,17.2,1505,1.5,5.9,942,8.8,915,8.8,12.6,200,1418,6.7,230,1352,3.4,2923,230,,,,,
108,서울,2021-05-08,14.3,8.9,547,21,1437,,,,,,,15.4,180,1600,8.4,200,1557,3.4,2913,250,,,,,
108,서울,2021-05-09,15.7,10,513,21.8,1551,,,,,,,14.3,270,1357,7.9,270,1037,3.5,3019,270,,,,,
108,서울,2021-05-10,13.2,11.7,230,14.6,1716,3.08,0,,0,,0,6.7,200,507,4,200,513,1.8,1547,50,,,,,
108,서울,2021-05-11,18.5,9.4,414,25.7,1514,,,,,,,10.5,140,2150,5,110,1704,2.7,2362,110,,,,,
108,서울,2021-05-12,22,16.9,529,27.7,1626,,,,,,,6.9,50,819,3.7,50,824,2.2,1860,70,,,,,
108,서울,2021-05-13,22.9,16.6,542,29.6,1459,,,,,,,7.2,200,1556,4.2,250,1807,1.9,1642,250,,,,,
108,서울,2021-05-14,24.1,18,558,30.8,1541,,,,,,,7.4,250,1806,4.3,250,1811,1.7,1497,50,,,,,
108,서울,2021-05-15,22.1,20.8,1911,26.2,1204,14,2.2,1338,5.8,1302,15,6.1,110,1110,3.6,110,1048,1.7,1432,50,,,,,
108,서울,2021-05-16,18.4,14.8,2345,20.8,1,24,2.6,1912,11.3,1853,66.9,8.9,50,1730,4.4,180,724,2.5,2164,50,,,,,
108,서울,2021-05-17,15.3,14.2,442,16.7,1815,13.83,.4,1118,1.7,1115,3.1,5.3,50,2,3.1,50,2,1.6,1362,50,,,,,
108,서울,2021-05-18,17.9,13.6,403,24.5,1611,,,,,,,7.3,250,1659,4.5,270,1702,1.7,1509,270,,,,,
108,서울,2021-05-19,19.9,12.4,557,26.6,1503,,,,,,,7.4,250,1539,4.4,250,1525,1.8,1553,270,,,,,
108,서울,2021-05-20,18.7,15.6,2335,22.9,1252,11.15,.3,2011,.5,2219,.9,13,110,1629,6.2,90,1610,2.5,2135,50,,,,,
108,서울,2021-05-21,16,14.2,637,18.2,1820,15.17,1.3,1444,2,1401,6.9,7.1,50,12,4.2,50,49,1.7,1503,290,,,,,
108,서울,2021-05-22,18.6,13.8,531,23.8,1309,.92,.2,,.2,,.2,9.5,250,1505,6.2,270,1506,2.5,2161,250,,,,,
108,서울,2021-05-23,19.5,14.3,521,25.1,1328,,,,,,,7.9,270,2024,4.8,270,2028,1.7,1461,270,,,,,
108,서울,2021-05-24,19.4,16.4,536,24.5,1525,,,,,,,9.2,270,1655,5.6,270,1441,2.7,2331,250,,,,,
108,서울,2021-05-25,15.3,11.9,854,19.3,1632,4.58,2.1,557,5.4,534,8.3,12.8,270,1450,7.4,250,1426,3.2,2763,250,,,,,
108,서울,2021-05-26,18,11.5,513,23,1513,.67,0,,0,,0,13.1,200,1451,6.5,200,1518,2.9,2463,200,,,,,
108,서울,2021-05-27,15.8,13.9,2301,18.7,1611,5.92,2.1,726,6.5,642,8.9,9.1,180,1644,5.2,230,1205,2.8,2457,200,,,,,
108,서울,2021-05-28,15.3,12.4,844,19.7,1556,7.83,1.7,505,4.7,502,12.3,10.2,250,1748,5,230,1728,2.6,2266,250,,,,,
108,서울,2021-05-29,15.4,12.8,2353,19.1,1017,8.42,.2,,.2,,.3,7.3,230,9,3.7,250,49,2.2,1867,50,,,,,
108,서울,2021-05-30,18.4,10.8,540,26.3,1603,4,4,2249,11.3,2249,18.1,16,270,1923,7.6,270,1931,2.1,1822,50,,,,,
108,서울,2021-05-31,19.9,16.5,417,23.8,1725,2.5,3.2,-2358,4.7,-2349,4,5.7,20,1619,3.5,50,1624,1.8,1587,50,,,,,
108,서울,2021-06-01,20.2,15.9,811,23.9,1311,4.42,1.3,754,2.3,712,3.2,9,290,527,5.4,320,533,2.2,1863,50,,,,,
108,서울,2021-06-02,23.2,16.6,453,29.7,1531,,,,,,,8.2,290,1827,4.5,290,1718,2.1,1842,50,,,,,
108,서울,2021-06-03,19.1,14.6,2335,22.7,1143,12.17,2.5,2024,5.1,1944,18.1,14.3,340,2039,7.5,320,2041,1.8,1526,270,,,,,
108,서울,2021-06-04,18.5,13.3,419,23.6,1530,,,,,,,10.4,230,1555,6,200,1556,2.9,2473,200,,,,,
108,서울,2021-06-05,20.8,17,359,25.7,1524,,,,,,,9.9,200,1805,5.5,180,1757,3.3,2815,200,,,,,
108,서울,2021-06-06,23,18.4,138,28.2,1529,,,,,,,7,230,240,3.8,200,249,2.2,1907,200,,,,,
108,서울,2021-06-07,21.1,19.4,353,24,1734,3.58,0,,0,,0,6,110,1010,3.3,140,1011,1.7,1495,180,,,,,
108,서울,2021-06-08,23.6,18.8,533,29.5,1539,.92,.1,,.1,,.1,6.6,290,1652,3.6,250,1630,1.7,1453,50,,,,,
108,서울,2021-06-09,25.8,19.5,453,31.6,1525,,,,,,,5.7,90,1823,3.4,50,1824,1.6,1368,50,,,,,
108,서울,2021-06-10,24.9,20.5,2349,29.8,1441,6.67,2,2318,5.1,2257,6.1,9,200,1456,5.4,200,1500,2.2,1919,50,,,,,
108,서울,2021-06-11,21.5,19.9,50,24.4,1628,4.17,1,256,2.6,219,4.6,11.4,110,132,5.7,180,505,2.8,2460,230,,,,,
108,서울,2021-06-12,24.2,18.2,444,30.2,1514,,,,,,,6.3,340,1731,3.9,320,1732,1.8,1576,270,,,,,
108,서울,2021-06-13,24.8,20.9,513,29.7,1620,,,,,,,6.9,250,1500,4.3,250,1735,2,1756,250,,,,,
108,서울,2021-06-14,24.8,18.9,609,30.2,1452,,,,,,,5.9,270,1521,4,250,2042,2.1,1792,250,,,,,
108,서울,2021-06-15,22.5,21.5,523,25.3,1751,7.92,.3,1057,.9,1018,1.9,7.7,50,2235,3.9,50,1701,2.3,1997,50,,,,,
108,서울,2021-06-16,24.3,20.3,347,28.9,1622,,,,,,,11.5,50,955,5.7,50,1118,3.6,3120,50,,,,,
108,서울,2021-06-17,21.9,19.6,439,25,1247,4.25,0,,0,,0,7.1,110,57,3.6,50,12,2.4,2072,50,,,,,
108,서울,2021-06-18,20,19,601,21.4,1711,12,.5,620,1.7,553,6.3,7.2,200,500,3.8,200,1520,2.5,2166,200,,,,,
108,서울,2021-06-19,22.3,17.5,550,27.4,1553,,,,,,,6.9,160,1200,3.7,270,1600,1.8,1518,270,,,,,
108,서울,2021-06-20,22.9,17.6,520,29,1319,,,,,,,12.7,270,1408,6.8,230,1354,2.8,2428,230,,,,,
108,서울,2021-06-21,23.6,19.2,511,28.5,1457,,,,,,,7.8,250,1555,4.6,270,1759,2.2,1943,270,,,,,
108,서울,2021-06-22,22.8,19.7,538,28.6,1347,2.08,0,,0,,0,15,180,1416,7.8,200,1423,2.1,1857,50,,,,,
108,서울,2021-06-23,22.4,18.8,528,27.9,1504,.67,5,1538,7.5,1530,7.5,11.3,360,1541,6,50,1544,2.4,2048,50,,,,,
108,서울,2021-06-24,23,18.5,443,28,1540,,,,,,,7.7,250,1638,4.4,270,1641,1.9,1671,50,,,,,
108,서울,2021-06-25,24.1,19.5,551,29.5,1619,,,,,,,7.8,290,1825,4.7,290,1830,2,1720,270,,,,,
108,서울,2021-06-26,22.8,19.9,557,26.7,1549,11.42,.7,342,2.6,339,4.5,5.9,20,1739,3.4,360,1632,1.8,1547,50,,,,,
108,서울,2021-06-27,24.5,19.8,447,30.8,1511,3.42,11.7,1832,37.7,1824,38.2,14.3,180,1837,7.8,200,1841,2,1763,50,,,,,
108,서울,2021-06-28,23.7,21,629,29.2,1447,1.67,.1,,.1,,.1,7.7,50,1457,4.1,50,1504,1.9,1661,50,,,,,
108,서울,2021-06-29,23.9,21.3,442,28.4,1531,1.67,3.8,1631,8,1614,8,6.5,200,1154,4.1,200,1155,1.8,1517,50,,,,,
108,서울,2021-06-30,24.3,21,405,28.8,1654,1.35,3.4,1209,6,1159,6,7.7,20,1154,3.6,50,1156,1.3,1134,20,,,,,
108,서울,2021-07-01,26.3,21.4,519,31,1525,,,,,,,6.8,360,1822,4.1,320,1645,1.8,1519,50,,,,,
108,서울,2021-07-02,27.1,23.6,538,31.8,1612,,,,,,,6.7,20,1519,3.5,50,1525,2.3,1984,50,,,,,
108,서울,2021-07-03,22.6,19.6,2208,25.7,1,9.42,4,1736,13.8,1656,60,12.9,50,1815,5.9,50,1945,3.6,3097,50,,,,,
108,서울,2021-07-04,21.4,19.8,1,23.1,1500,18.33,1.2,56,5.3,45,21.4,8.8,180,2214,4.9,200,1709,2.3,1988,70,,,,,
108,서울,2021-07-05,23.3,20.1,328,26.9,1444,,,,,,,5.9,230,23,3.5,200,31,1.4,1182,290,,,,,
108,서울,2021-07-06,25.3,21,450,30.1,1437,,,,,,,5.5,250,1437,3.7,250,1458,1.6,1415,50,,,,,
108,서울,2021-07-07,26.4,23.9,419,29.1,1441,4.67,8.5,2057,12.4,2025,12.7,5.4,160,1528,3.3,140,957,1.5,1338,290,,,,,
108,서울,2021-07-08,26,23.8,520,29.8,1451,2,1,27,2.7,2,2.9,7.5,270,1744,4.7,250,1831,2,1697,270,,,,,
108,서울,2021-07-09,25.5,23.6,335,29.2,1530,.25,0,,0,,0,7.1,250,1635,4.2,230,1826,1.9,1649,270,,,,,
108,서울,2021-07-10,25.9,23.1,631,29.2,1340,2.8,.2,,.2,,.5,9.9,270,1418,5.4,230,1442,2.4,2060,200,,,,,
108,서울,2021-07-11,25.7,24.1,700,27.5,1552,5.17,.3,640,.4,612,.4,8.2,230,1234,4.8,230,1242,2.2,1916,200,,,,,
108,서울,2021-07-12,28.1,23.8,557,32.5,1604,,,,,,,5.4,160,1704,3.1,160,1906,1.6,1366,50,,,,,
108,서울,2021-07-13,28.8,26.3,429,31.5,1431,,,,,,,5.9,160,1003,3.7,290,1641,1.7,1432,50,,,,,
108,서울,2021-07-14,29.7,26.1,447,33.5,1508,,,,,,,7.6,200,1231,4.2,160,1055,2.2,1905,200,,,,,
108,서울,2021-07-15,29.1,25.9,2344,34.5,1347,2.07,0,,0,,0,9.4,50,1800,4.6,250,1444,2.1,1789,50,,,,,
108,서울,2021-07-16,28.8,24.2,508,35.2,1538,,,,,,,16.5,360,1848,7.4,50,1855,2.2,1888,50,,,,,
108,서울,2021-07-17,29.1,24.7,521,32.8,1557,.17,0,,0,,0,8.5,90,1159,4.2,160,1350,2.3,1959,50,,,,,
108,서울,2021-07-18,29.6,25.7,551,34.1,1546,,,,,,,7.6,160,2213,4.2,160,2217,2.1,1814,110,,,,,
108,서울,2021-07-19,26.4,24,1532,30.5,1134,5,26.6,1435,65.7,1406,67.4,8.5,290,1523,4.9,340,1439,1.9,1642,50,,,,,
108,서울,2021-07-20,27.9,23.6,532,31.8,1159,.83,0,,0,,0,6,230,1648,3.6,250,1651,1.5,1300,50,,,,,
108,서울,2021-07-21,30.5,25.3,556,35.3,1654,,,,,,,6,110,1406,3,140,1758,1.7,1431,50,,,,,
108,서울,2021-07-22,31.2,26.5,621,35.9,1615,,,,,,,6.7,180,1100,3.7,50,1103,2,1733,50,,,,,
108,서울,2021-07-23,31.2,27.2,541,35.8,1604,,,,,,,6.2,110,1410,3.6,160,1418,1.8,1531,70,,,,,
108,서울,2021-07-24,31.7,26.9,548,36.5,1508,,,,,,,7,160,1407,4.2,160,1407,1.7,1488,140,,,,,
108,서울,2021-07-25,31.5,27.2,542,35.9,1547,,,,,,,8.8,140,1036,4.4,160,1141,2,1746,140,,,,,
108,서울,2021-07-26,31.2,27.4,608,35.4,1521,,,,,,,7.3,110,1138,4.3,160,1608,2.4,2047,90,,,,,
108,서울,2021-07-27,31.1,27.8,601,35.7,1520,,,,,,,7.8,290,1756,4.6,250,1657,2.1,1797,50,,,,,
108,서울,2021-07-28,30.4,27.1,600,34.7,1456,1.33,0,,0,,0,7.2,270,1643,4.9,250,1645,1.9,1613,50,,,,,
108,서울,2021-07-29,29.6,27,529,33.3,1303,,,,,,,6.8,290,1658,3.9,270,1701,2,1705,270,,,,,
108,서울,2021-07-30,30.5,25.8,559,35.4,1406,,,,,,,7.6,110,1449,4.1,140,1449,2.1,1784,140,,,,,
108,서울,2021-07-31,29.8,26.8,538,34.3,1457,2.75,2.4,251,2.4,201,3,6.9,180,1509,4.3,270,1855,2.5,2156,200,,,,,
108,서울,2021-08-01,27.1,25.1,2345,28.8,1237,13.42,7.3,1917,8.7,1909,21,8.3,140,1923,4.7,160,1924,1.3,1126,360,,,,,
108,서울,2021-08-02,26.5,25,17,28.6,1725,6.92,.4,752,1.4,743,1.7,5.6,200,946,3.4,200,955,1.6,1362,200,,,,,
108,서울,2021-08-03,28,24.1,538,31.4,1441,.35,0,,0,,0,9.7,160,1556,5.5,160,1559,1.8,1512,50,,,,,
108,서울,2021-08-04,28.9,26.3,532,33.2,1426,,,,,,,7.6,250,1849,4.3,180,1453,2,1743,200,,,,,
108,서울,2021-08-05,29.4,25.6,407,33.7,1511,,,,,,,7.1,290,1827,4.1,290,1655,2.1,1775,270,,,,,
108,서울,2021-08-06,28.1,26,2332,32.2,1304,,,,,,,16.4,290,1424,8.3,320,1427,2.1,1842,50,,,,,
108,서울,2021-08-07,28,23.4,547,32.3,1616,,,,,,,6.5,290,1533,4,340,1756,2.1,1792,270,,,,,
108,서울,2021-08-08,26.8,24.4,607,32.1,1324,4.58,7.8,1529,11.6,1522,12.7,9.5,50,1608,4.3,50,2246,1.7,1506,50,,,,,
108,서울,2021-08-09,28.3,23.3,455,33.6,1530,,,,,,,8.3,20,1921,4.8,340,1714,2.3,2018,50,,,,,
108,서울,2021-08-10,27.7,24.3,549,32.2,1528,,,,,,,8.7,200,1431,4.4,200,1436,2.3,2025,70,,,,,
108,서울,2021-08-11,27.4,24.1,630,31.6,1624,1.25,0,,0,,0,6.4,320,2054,3.9,320,2054,2,1768,50,,,,,
108,서울,2021-08-12,26.8,24,2305,31.7,1432,1.08,0,,0,,0,12.9,110,1748,4.6,110,1751,1.8,1559,50,,,,,
108,서울,2021-08-13,26.6,23.4,201,30.1,1620,,,,,,,6.4,70,1431,3.5,50,1432,2,1715,50,,,,,
108,서울,2021-08-14,26.1,23.4,603,30.5,1449,,,,,,,10.2,50,2036,4.8,50,2039,3,2576,50,,,,,
108,서울,2021-08-15,26.9,21.7,457,32.4,1614,,,,,,,7,70,1252,3.7,50,1255,2.3,1984,50,,,,,
108,서울,2021-08-16,27.3,22.5,611,32.8,1627,.92,0,,0,,0,6.9,70,449,3.7,160,1825,2.3,2007,50,,,,,
108,서울,2021-08-17,25.9,21.9,2357,31.3,1347,4.67,1.2,1957,5.3,1944,9.3,9.6,110,1731,4.6,70,1722,2.4,2107,50,,,,,
108,서울,2021-08-18,24.3,20.6,806,31,1511,3.97,1.3,742,2.9,713,5.6,9.7,70,1835,5.4,50,1838,2.8,2452,50,,,,,
108,서울,2021-08-19,26,21,429,31.5,1533,,,,,,,8.6,110,1911,4,50,417,2.6,2231,50,,,,,
108,서울,2021-08-20,26.6,22.6,609,30.7,1641,.58,0,,0,,0,10.3,160,2303,5.1,140,2308,2.3,1997,50,,,,,
108,서울,2021-08-21,23.8,21,1312,25.5,1600,11.33,11.9,1252,27.9,1219,62.8,11.4,290,1254,6.7,290,1302,2.7,2323,50,,,,,
108,서울,2021-08-22,24.4,22.4,524,27,1319,1,0,,0,,0,8.3,230,1200,4.4,230,1020,2.1,1824,250,,,,,
108,서울,2021-08-23,22.4,21,2132,24,1124,11.33,.5,1849,2,1823,7.4,7.9,90,1940,3.3,90,1837,2,1752,50,,,,,
108,서울,2021-08-24,23.4,21.1,1,26.4,1524,12.58,1.3,1336,2.8,1215,10.5,10.5,200,1907,6.1,200,1733,2.9,2529,50,,,,,
108,서울,2021-08-25,25,23.5,603,27.3,1502,4.25,.2,,.3,150,.3,6.8,140,1207,3.8,160,1729,1.8,1548,160,,,,,
108,서울,2021-08-26,25.5,22.9,523,27.9,1442,1.17,.7,1526,.7,1520,.7,8.7,180,1610,5,180,1401,2.5,2118,230,,,,,
108,서울,2021-08-27,22.4,20.4,2317,25.5,1,10.38,.3,1400,.7,1318,.9,4.9,250,826,3.2,250,827,1.3,1111,290,,,,,
108,서울,2021-08-28,23.6,19.7,615,28.2,1443,,,,,,,7.3,270,1620,3.9,270,1628,1.8,1568,270,,,,,
108,서울,2021-08-29,23.7,21.9,752,26.3,1640,3.17,.5,126,.7,122,.9,5.6,340,636,3.4,320,639,1.6,1379,270,,,,,
108,서울,2021-08-30,24.2,21.2,605,27.7,1543,1.17,0,,0,,0,4.5,270,1950,2.9,250,1935,1.4,1242,270,,,,,
108,서울,2021-08-31,20.5,18.1,1810,23.1,1,16.55,4.4,2230,12.4,1356,77.4,9.3,70,1707,4.9,70,1710,2.3,1949,50,,,,,
108,서울,2021-09-01,21.4,18.5,121,23.9,1525,4.08,.7,1,3.1,-2331,.8,9.1,50,1431,4.7,50,1436,2.9,2547,50,,,,,
108,서울,2021-09-02,23.5,20.7,551,26.7,1359,,,,,,,6.4,50,905,3.4,70,754,2.1,1843,50,,,,,
108,서울,2021-09-03,24.3,20.6,455,29.2,1543,,,,,,,7.6,50,2317,4,50,1137,2.4,2104,70,,,,,
108,서울,2021-09-04,23.2,18.5,548,28.6,1505,,,,,,,7.2,50,1857,3.7,70,1014,2.7,2298,50,,,,,
108,서울,2021-09-05,23.1,19.4,458,27.3,1311,,,,,,,10.3,90,1227,4.9,50,1656,3.2,2763,50,,,,,
108,서울,2021-09-06,22.3,18,2345,26.4,1252,9.17,1.2,2014,4,2138,12,11.7,70,1108,5.5,70,952,3.2,2789,70,,,,,
108,서울,2021-09-07,19.6,17.6,112,20.9,1629,22.58,2.4,919,6.6,852,29.6,8.5,70,49,4.4,50,105,2.3,1964,50,,,,,
108,서울,2021-09-08,22.2,19,543,26.9,1428,6.67,.3,231,.7,149,1.6,6.8,270,1410,4.2,270,1614,1.7,1450,270,,,,,
108,서울,2021-09-09,23.5,19.1,432,29.1,1610,,,,,,,4.6,50,1041,3,20,1008,1.5,1277,20,,,,,
108,서울,2021-09-10,23.6,19.5,615,28.9,1423,,,,,,,7.4,290,1712,4.3,290,1715,1.9,1684,20,,,,,
108,서울,2021-09-11,24,19.9,619,29.4,1449,,,,,,,9.2,360,1833,5.6,320,1842,1.7,1459,20,,,,,
108,서울,2021-09-12,24.2,19.2,624,29.8,1557,,,,,,,6.8,290,1409,4.4,320,1230,1.8,1581,270,,,,,
108,서울,2021-09-13,24.8,20.8,610,30.3,1504,,,,,,,6.9,50,1232,3.9,50,1118,2.4,2065,50,,,,,
108,서울,2021-09-14,24.6,20,615,29.5,1626,,,,,,,10,50,2338,5.6,50,2346,2.6,2264,50,,,,,
108,서울,2021-09-15,23.6,19.5,620,28.9,1442,,,,,,,11.7,20,1148,5.9,50,1847,3.6,3129,70,,,,,
108,서울,2021-09-16,22.9,18,551,27.3,1323,,,,,,,8.6,50,911,4.6,50,913,2.6,2213,50,,,,,
108,서울,2021-09-17,23.5,20.5,658,28.2,1506,,,,,,,12.2,70,1301,5.8,70,1306,3,2567,50,,,,,
108,서울,2021-09-18,23.9,18.9,653,29.8,1529,,,,,,,6.4,270,2013,4,290,2017,1.6,1401,50,,,,,
108,서울,2021-09-19,23.7,20.8,2356,27.8,1513,,,,,,,5,70,1729,3,160,1039,1.9,1669,50,,,,,
108,서울,2021-09-20,23.7,19,603,28.4,1523,,,,,,,12.5,110,1654,6.2,140,1658,2.7,2293,90,,,,,
108,서울,2021-09-21,22,17.4,2353,26.2,1446,9.58,7.5,2333,27.1,2312,68.1,11.9,320,2220,7.1,320,2245,2.9,2504,180,,,,,
108,서울,2021-09-22,20.2,16.8,436,24.3,1524,2,1.9,5,4.2,1,4.5,11.7,230,1229,6.2,270,1444,2.7,2320,250,,,,,
108,서울,2021-09-23,20.9,16.9,300,25.9,1617,,,,,,,10.9,320,1205,6.5,320,1214,2.4,2084,270,,,,,
108,서울,2021-09-24,21.8,16.7,619,26.9,1529,,,,,,,6.9,50,1459,3.8,50,2159,2.2,1903,50,,,,,
108,서울,2021-09-25,21.2,18.7,427,23.1,1607,,,,,,,6.4,50,1213,3.5,50,1152,2.3,1961,50,,,,,
108,서울,2021-09-26,22.6,18.4,645,27.3,1535,,,,,,,7.2,70,2158,3.6,50,2125,2.3,1957,70,,,,,
108,서울,2021-09-27,21.6,18.7,544,25,1208,5.67,0,,0,,0,6.6,50,636,3.7,140,1258,2.4,2040,70,,,,,
108,서울,2021-09-28,21.5,19.6,410,24.4,1247,9.28,.3,2000,.7,2100,1.3,6.3,110,1535,3.7,140,1814,2.2,1887,50,,,,,
108,서울,2021-09-29,20.2,17.8,2400,21.4,1132,12.25,1.6,522,5,847,13.1,9.4,230,856,4.4,230,903,1.7,1496,50,,,,,
108,서울,2021-09-30,20.3,16,609,25.9,1506,,,,,,,5.2,290,1426,3.3,270,1439,1.5,1312,20,,,,,
108,서울,2021-10-01,21.1,16.9,605,27.5,1416,2.17,8.5,2202,12.7,2153,13.3,20.9,320,2212,10.6,290,2216,2.4,2075,270,,,,,
108,서울,2021-10-02,20.7,16.4,540,26.6,1516,,,,,,,5.7,50,18,3.3,250,1654,1.6,1391,20,,,,,
108,서울,2021-10-03,22.3,17.1,552,28.8,1447,,,,,,,7.3,180,1617,4.5,180,1457,1.9,1659,50,,,,,
108,서울,2021-10-04,22.9,19.2,223,25.6,1509,6.17,1.1,1751,3.5,1714,3.6,13.7,180,1405,6.1,200,1951,2.9,2526,200,,,,,
108,서울,2021-10-05,23.6,21.7,2338,26.5,1335,2.92,0,,0,,0,11.5,180,1203,6.2,180,1354,3.3,2815,200,,,,,
108,서울,2021-10-06,18.8,17.9,829,21.7,1,11.92,.6,759,2,735,6.4,7.2,70,1659,4.3,50,1627,2.8,2448,50,,,,,
108,서울,2021-10-07,19.4,17.9,2353,21.9,1345,6.08,1.2,524,3.8,505,4.6,6.1,250,1426,4,250,1433,1.9,1670,270,,,,,
108,서울,2021-10-08,18.8,17.5,117,20,1359,8.58,.3,1041,.9,1044,3.5,5.5,50,2225,2.9,50,2136,1.7,1511,50,,,,,
108,서울,2021-10-09,20.9,18.5,339,24.1,1632,3.5,.2,,.3,635,.4,6.8,50,1029,3.7,50,1038,2.3,2024,50,,,,,
108,서울,2021-10-10,19.9,14.9,2357,24.3,1209,13.33,1.4,1236,4.4,1237,14.2,8.6,320,2053,4.7,250,1228,2.2,1882,270,,,,,
108,서울,2021-10-11,15.2,12.6,646,17.8,1614,4.83,.2,,.3,-2331,.3,9.5,290,134,6,320,137,2.2,1889,50,,,,,
108,서울,2021-10-12,17.9,15.8,130,21.3,1556,,,,,,,10.6,110,1322,5.9,70,1055,3.3,2886,70,,,,,
108,서울,2021-10-13,19.6,14.9,445,25.2,1555,,,,,,,8.3,70,1116,4.1,70,950,2.4,2056,50,,,,,
108,서울,2021-10-14,19.7,17.4,659,23.9,1444,,,,,,,6.9,180,1407,4.2,270,1941,2,1743,270,,,,,
108,서울,2021-10-15,19,17,637,21.4,1356,7.83,0,,0,,0,5.8,360,1248,3.8,320,350,2.1,1855,340,,,,,
108,서울,2021-10-16,10.7,4.2,2327,18.1,1,2.17,0,,0,,0,11.9,320,1703,5.7,290,1311,3.4,2908,290,,,,,
108,서울,2021-10-17,5.6,1.3,657,10.8,1548,,,,,,,11.5,320,629,7.1,320,648,2.9,2488,270,,,,,
108,서울,2021-10-18,9.6,2.8,453,16.1,1347,4.08,1.3,2341,4.8,2331,5.6,6.2,180,1550,3.6,200,1551,2,1758,50,,,,,
108,서울,2021-10-19,10.9,7.1,2359,15,1336,2.75,1,-2356,3.1,1,4.4,9.5,250,1556,5.4,270,1600,2.4,2104,270,,,,,
108,서울,2021-10-20,9.5,4.6,612,15.8,1515,,,,,,,5.9,250,1822,3.7,250,1824,1.7,1485,270,,,,,
108,서울,2021-10-21,9.8,4.9,658,16.2,1511,,,,,,,5.9,320,1812,3.6,320,1756,1.7,1432,20,,,,,
108,서울,2021-10-22,10.8,5.2,658,17.2,1543,,,,,,,9.4,290,1409,4.9,320,1500,1.8,1590,290,,,,,
108,서울,2021-10-23,11.4,5.7,716,18.4,1408,,,,,,,5.7,320,1544,3.4,200,1313,1.6,1404,270,,,,,
108,서울,2021-10-24,11.4,6,713,18.1,1522,,,,,,,6.6,340,1356,3.2,290,1301,1.7,1480,20,,,,,
108,서울,2021-10-25,11.7,6.3,717,17.6,1528,,,,,,,5.8,290,1256,3.5,290,1431,1.9,1606,290,,,,,
108,서울,2021-10-26,13,7.7,638,19,1441,,,,,,,5.3,290,1327,3,180,1208,1.7,1462,270,,,,,
108,서울,2021-10-27,13.4,9.8,2349,18.1,1557,.75,0,,0,,0,7.2,340,1353,4,270,1216,2.2,1909,290,,,,,
108,서울,2021-10-28,12.7,7.1,709,20,1537,,,,,,,4.8,50,2241,3.7,290,19,1.4,1197,50,,,,,
108,서울,2021-10-29,14.6,10.5,511,20.6,1456,,,,,,,6.3,110,1044,3.7,90,1058,2,1713,50,,,,,
108,서울,2021-10-30,13.8,11,704,18,1612,,,,,,,5,50,623,3.1,50,702,1.6,1350,50,,,,,
108,서울,2021-10-31,14.1,9.2,652,20.3,1426,.58,.7,2035,.7,2015,.7,7.4,320,2011,3.9,320,2017,1.6,1357,20,,,,,
108,서울,2021-11-01,12.9,10.3,717,16.9,1452,,,,,,,6.9,200,1430,4,250,1228,1.9,1605,250,,,,,
108,서울,2021-11-02,11.5,7.9,541,16.9,1452,,,,,,,5.7,270,1520,3.5,250,1536,1.7,1429,270,,,,,
108,서울,2021-11-03,12.1,7.6,709,17.1,1349,,,,,,,5.7,360,1337,3.7,250,1432,1.5,1305,270,,,,,
108,서울,2021-11-04,12.1,8.4,718,16.3,1611,.25,,,,,0,4.9,200,36,2.7,200,41,1.3,1160,20,,,,,
108,서울,2021-11-05,13,7.8,711,20.2,1432,,,,,,,4.6,50,958,2.7,50,1154,1.5,1327,20,,,,,
108,서울,2021-11-06,14.1,8.8,617,21.3,1416,,,,,,,4.9,20,1507,2.8,50,1512,1.6,1385,20,,,,,
108,서울,2021-11-07,15.3,9.7,709,21.3,1332,,,,,,,9.2,110,1330,4.9,160,1406,2.1,1839,70,,,,,
108,서울,2021-11-08,8.6,4.5,2347,15.5,1,18.5,,,,,25.7,16.6,270,1009,9.3,270,1018,3.2,2727,250,,,,,
108,서울,2021-11-09,4.9,3,348,6.5,1630,11.08,,,,,2,9.4,270,42,5.1,270,44,2.4,2079,200,,,,,
108,서울,2021-11-10,4.2,.7,452,7.7,1526,4.58,,,,,.3,9.5,270,1259,5.7,270,1304,2.5,2194,270,,,,,
108,서울,2021-11-11,5.3,2.1,530,9.7,1238,.17,,,,,0,10.8,290,1341,6.8,290,1344,2.9,2470,270,,,,,
108,서울,2021-11-12,4.5,1.3,729,8.6,1413,,,,,,,11.2,320,1308,5.8,290,1341,2.6,2224,290,,,,,
108,서울,2021-11-13,7.3,.5,704,13.4,1336,,,,,,,6.4,200,1635,3.3,200,1643,1.5,1253,20,,,,,
108,서울,2021-11-14,11.3,7.8,509,16.4,1332,,,,,,,9.5,200,1351,5.7,200,1415,2.2,1875,50,,,,,
108,서울,2021-11-15,10.1,5.8,738,15.7,1432,,,,,,,5.3,250,1719,3.2,270,1724,1.6,1407,270,,,,,
108,서울,2021-11-16,8.5,4.4,716,13.6,1358,,,,,,,6.6,320,1411,4.4,290,1415,1.9,1661,270,,,,,
108,서울,2021-11-17,7.5,2.7,655,12.5,1248,,,,,,,5.4,250,1605,3.4,270,1620,1.6,1378,270,,,,,
108,서울,2021-11-18,11.9,7.7,25,16.2,1410,2.08,,,,,0,8.8,180,1416,5.5,230,1433,2.4,2063,50,,,,,
108,서울,2021-11-19,12.9,10.2,2356,16.7,1425,,,,,,,6.2,250,1511,3.6,200,1439,1.9,1649,200,,,,,
108,서울,2021-11-20,10.4,6.8,728,15.6,1446,,,,,,,4.5,200,1434,3,180,1442,1.6,1347,20,,,,,
108,서울,2021-11-21,10.4,7.6,2358,13.1,1350,2.92,,,,,5.9,14.9,290,2313,7.9,270,2319,1.9,1664,70,,,,,
108,서울,2021-11-22,2.7,-.6,2342,7.5,1,2.92,,,,,1.3,13.9,320,1106,7.3,270,1438,4.1,3531,270,,,,,
108,서울,2021-11-23,-.6,-3.7,728,2.3,1519,,,,,,,10.3,320,37,5.5,250,1432,3.2,2770,270,,,,,
108,서울,2021-11-24,4.1,-2.6,248,9.1,1330,.17,,,,,0,8.8,270,1454,4.4,250,1525,1.9,1664,230,,,,,
108,서울,2021-11-25,5.7,2.6,2352,9.9,1356,,,,,,,8.2,290,1656,4.7,290,1439,2.2,1897,270,,,,,
108,서울,2021-11-26,2.9,-.5,556,7.2,1214,.83,,,,,0,8.1,290,1536,4.3,290,1149,2.2,1861,270,,,,,
108,서울,2021-11-27,3.4,-1.4,730,10.1,1503,,,,,,,5.8,340,236,3.9,340,236,1.6,1416,290,,,,,
108,서울,2021-11-28,5.1,-1.3,743,12.4,1415,,,,,,,4.6,70,855,2.8,50,922,1.5,1314,50,,,,,
108,서울,2021-11-29,7.6,2.5,606,13.7,1541,,,,,,,4.7,70,1142,2.9,70,1145,1.6,1372,20,,,,,
108,서울,2021-11-30,5.7,.7,2356,8.9,1334,13.75,,,,,27.2,16.4,290,2204,8.4,250,1639,3.7,3189,270,,,,,
108,서울,2021-12-01,-1.3,-3,2335,1.5,1541,,,,,,,13.2,290,1357,7.2,290,1249,4.2,3635,270,,,,,
108,서울,2021-12-02,1.3,-4.6,724,5,2029,2.58,,,,,.1,8,180,1356,4.6,200,1358,2.1,1833,200,,,,,
108,서울,2021-12-03,1.9,-1.8,2348,4.6,319,2,,,,,.4,10.7,270,1035,5.8,290,929,2.9,2479,270,,,,,
108,서울,2021-12-04,1.4,-2.7,420,7,1454,,,,,,,9.3,290,1302,4.8,320,1322,2,1750,270,,,,,
108,서울,2021-12-05,2.9,-2.3,728,9.6,1423,,,,,,,4.8,50,1000,2.9,70,1002,1.4,1208,20,,,,,
108,서울,2021-12-06,5.4,-.7,654,12.1,1421,,,,,,,4.4,70,951,2.8,320,1726,1.6,1397,20,,,,,
108,서울,2021-12-07,6.8,2.6,721,13.3,1512,,,,,,,3.8,230,1528,2.6,200,1529,1.2,1072,50,,,,,
108,서울,2021-12-08,6.7,1.9,731,13.3,1456,,,,,,,4,50,2259,2.6,50,830,1.5,1324,20,,,,,
108,서울,2021-12-09,6.5,2.7,526,9.7,1440,,,,,,,5.2,70,912,3.5,70,1935,2.2,1937,50,,,,,
108,서울,2021-12-10,7,5.8,2139,8.2,1441,2.78,,,,,.7,5.3,50,1,3.4,70,530,2.1,1819,50,,,,,
108,서울,2021-12-11,6,4.4,753,9.8,1338,,,,,,,7,340,1452,3.6,290,1453,1.4,1180,270,,,,,
108,서울,2021-12-12,1.2,-3.8,2342,5.1,7,,,,,,,11.6,290,1410,6.6,290,1413,3.2,2742,290,,,,,
108,서울,2021-12-13,-2.2,-5.9,640,1.9,1540,,,,,,,7.7,290,8,4.1,320,144,2.3,1990,270,,,,,
108,서울,2021-12-14,3.7,-.7,1,8.2,1349,7.58,,,,,1.2,6.4,180,1631,3.6,180,1722,2,1693,50,,,,,
108,서울,2021-12-15,7.2,5.4,2358,10,1226,4.25,,,,,2.1,6.1,250,1520,3.9,270,1526,1.7,1446,270,,,,,
108,서울,2021-12-16,6.4,3.3,2355,9.8,1322,.38,,,,,0,9.1,250,2207,4.6,270,2251,1.8,1582,250,,,,,
108,서울,2021-12-17,-5.6,-10.1,2333,3.2,1,,,,,,,15.2,320,1348,8.1,290,1318,4.6,3985,270,,,,,
108,서울,2021-12-18,-5.7,-11.2,801,-1.8,1402,4.33,,,,,2.8,7.6,290,108,3.6,270,48,2,1747,20,4.4,2355,4.4,2355,5.2
108,서울,2021-12-19,-.8,-5.8,811,4.2,1544,1.17,,,,,.2,10.5,270,101,4.9,290,104,2,1712,20,.2,55,4.6,55,.2
108,서울,2021-12-20,5.2,-.9,1,11.1,1336,.33,,,,,0,9.9,180,1311,5.1,200,1353,2.1,1847,230,,,1.8,1,
108,서울,2021-12-21,5.2,.8,2358,8.9,1508,,,,,,,6.9,290,1632,4.4,290,1239,2,1720,290,,,,,
108,서울,2021-12-22,2.2,-2.6,717,8.2,1512,,,,,,,5.1,290,38,3.3,290,42,1.7,1475,270,,,,,
108,서울,2021-12-23,2.7,-1.5,716,8.3,1451,,,,,,,4.7,290,1404,2.8,290,1411,1.4,1236,290,,,,,
108,서울,2021-12-24,-.3,-7.3,2400,3.2,1157,2.33,,,,,.2,10.4,290,2340,6.2,290,2345,2.6,2267,270,,,,,
108,서울,2021-12-25,-11.7,-14.4,2258,-7.3,1,,,,,,,11,290,45,7,290,38,3.9,3349,290,,,,,
108,서울,2021-12-26,-12.1,-15.5,817,-7.3,1526,,,,,,,9,320,815,4.8,290,1404,3.1,2656,290,,,,,
108,서울,2021-12-27,-7.6,-12.9,123,-3.9,1634,2.08,,,,,0,5.5,340,17,3.1,20,926,1.7,1472,50,,,,,
108,서울,2021-12-28,-4.1,-8.5,712,-.9,1600,,,,,,,4.9,50,842,3.1,50,759,2.2,1937,50,,,,,
108,서울,2021-12-29,.4,-3.8,154,5.9,1518,1.58,,,,,.2,10.8,270,1415,5.9,270,1421,2.6,2286,50,.3,455,.3,455,.3
108,서울,2021-12-30,-3.9,-6.8,714,.2,1531,.5,,,,,0,12.3,320,2012,6.6,290,2012,3.3,2875,270,,,,,
108,서울,2021-12-31,-6.7,-8.8,745,-3.9,1510,,,,,,,11.9,290,26,5.4,270,154,3.5,3035,270,,,,,
